#
# A fatal error has been detected by the Java Runtime Environment:
#
#  SIGSEGV (0xb) at pc=0x0000000106d0efb4, pid=39181, tid=5891
#
# JRE version: OpenJDK Runtime Environment (26.0.2.1+1) (build 26.0.2.1+1-7)
# Java VM: OpenJDK 64-Bit Server VM (26.0.2.1+1-7, mixed mode, sharing, tiered, compressed oops, compressed class ptrs, g1 gc, bsd-aarch64)
# Problematic frame:
# V  [libjvm.dylib+0x592fb4]  jni_NewObjectV+0x20c
#
# No core dump will be written. Core dumps have been disabled. To enable core dumping, try "ulimit -c unlimited" before starting Java again
#
# If you would like to submit a bug report, please visit:
#   https://bugreport.java.com/bugreport/crash.jsp
#

---------------  S U M M A R Y ------------

Command Line: -Dorg.gradle.internal.worker.tmpdir=/Users/miku/Code/LMusic-KMP/lmedia/lmedia-core/build/tmp/jvmTest/work -Xmx512m -Dfile.encoding=UTF-8 -Duser.country=CN -Duser.language=zh -Duser.variant -ea worker.org.gradle.process.internal.worker.GradleWorkerMain 'Gradle Test Executor 1'

Host: "Mac16,10" arm64, 10 cores, 16G, Darwin 25.6.0, macOS 26.6.2 (25G83)
Time: Sat Aug 29 13:25:38 2026 CST elapsed time: 0.905747 seconds (0d 0h 0m 0s)

---------------  T H R E A D  ---------------

Current thread (0x00000001011f1f40):  JavaThread "Test worker @coroutine#1"        [_thread_in_vm, id=5891, stack(0x000000016f24c000,0x000000016f44f000) (2060K)]

Stack: [0x000000016f24c000,0x000000016f44f000],  sp=0x000000016f44c800,  free space=2050k
Native frames: (J=compiled Java code, j=interpreted, Vv=VM code, C=native code)
V  [libjvm.dylib+0x592fb4]  jni_NewObjectV+0x20c
C  [libtag.dylib+0x7f5c0]  JNIEnv_::NewObject(_jclass*, _jmethodID*, ...)+0x24
C  [libtag.dylib+0x7f3cc]  readMetadata(JNIEnv_*, _jobject*, TagLib::FileRef const&)+0x5ac
C  [libtag.dylib+0x7f720]  Java_com_lalilu_lmedia_TaglibWrapper_readMetadataWithPath+0x48
j  com.lalilu.lmedia.TaglibWrapper.readMetadataWithPath(Ljava/lang/String;Lkotlin/coroutines/Continuation;)Ljava/lang/Object;+0
j  com.lalilu.lmedia.Taglib.readMetadata(Ljava/lang/String;Lkotlin/coroutines/Continuation;)Ljava/lang/Object;+5
j  com.lalilu.lmedia.TaglibJvmSmokeTest$smoke$1.invokeSuspend(Ljava/lang/Object;)Ljava/lang/Object;+266
j  kotlin.coroutines.jvm.internal.BaseContinuationImpl.resumeWith(Ljava/lang/Object;)V+40
j  kotlinx.coroutines.DispatchedTask.run()V+314
j  kotlinx.coroutines.EventLoopImplBase.processNextEvent()J+27
j  kotlinx.coroutines.BlockingCoroutine.joinBlocking()Ljava/lang/Object;+43
j  kotlinx.coroutines.BuildersKt__BuildersKt.runBlockingImpl(Lkotlin/coroutines/CoroutineContext;Lkotlinx/coroutines/EventLoop;Lkotlin/jvm/functions/Function2;)Ljava/lang/Object;+23
j  kotlinx.coroutines.BuildersKt.runBlockingImpl(Lkotlin/coroutines/CoroutineContext;Lkotlinx/coroutines/EventLoop;Lkotlin/jvm/functions/Function2;)Ljava/lang/Object;+3
j  kotlinx.coroutines.BuildersKt__Builders_concurrentKt.runBlockingK(Lkotlin/coroutines/CoroutineContext;Lkotlin/jvm/functions/Function2;)Ljava/lang/Object;+79
j  kotlinx.coroutines.BuildersKt.runBlockingK(Lkotlin/coroutines/CoroutineContext;Lkotlin/jvm/functions/Function2;)Ljava/lang/Object;+2
j  kotlinx.coroutines.BuildersKt__Builders_concurrentKt.runBlockingK$default(Lkotlin/coroutines/CoroutineContext;Lkotlin/jvm/functions/Function2;ILjava/lang/Object;)Ljava/lang/Object;+15
j  kotlinx.coroutines.BuildersKt.runBlockingK$default(Lkotlin/coroutines/CoroutineContext;Lkotlin/jvm/functions/Function2;ILjava/lang/Object;)Ljava/lang/Object;+4
j  com.lalilu.lmedia.TaglibJvmSmokeTest.smoke()V+14
j  java.lang.invoke.DirectMethodHandle$Holder.invokeSpecial(Ljava/lang/Object;Ljava/lang/Object;)V+10 java.base@26.0.2.1
j  java.lang.invoke.LambdaForm$MH+0x00000c000109c800.invoke(Ljava/lang/Object;Ljava/lang/Object;)Ljava/lang/Object;+31 java.base@26.0.2.1
j  java.lang.invoke.Invokers$Holder.invokeExact_MT(Ljava/lang/Object;Ljava/lang/Object;Ljava/lang/Object;)Ljava/lang/Object;+19 java.base@26.0.2.1
j  jdk.internal.reflect.DirectMethodHandleAccessor.invokeImpl(Ljava/lang/Object;[Ljava/lang/Object;)Ljava/lang/Object;+41 java.base@26.0.2.1
j  jdk.internal.reflect.DirectMethodHandleAccessor.invoke(Ljava/lang/Object;[Ljava/lang/Object;)Ljava/lang/Object;+23 java.base@26.0.2.1
j  java.lang.reflect.Method.invoke(Ljava/lang/Object;[Ljava/lang/Object;)Ljava/lang/Object;+102 java.base@26.0.2.1
j  org.junit.runners.model.FrameworkMethod$1.runReflectiveCall()Ljava/lang/Object;+15
j  org.junit.internal.runners.model.ReflectiveCallable.run()Ljava/lang/Object;+1
j  org.junit.runners.model.FrameworkMethod.invokeExplosively(Ljava/lang/Object;[Ljava/lang/Object;)Ljava/lang/Object;+10
j  org.junit.internal.runners.statements.InvokeMethod.evaluate()V+12
j  org.junit.runners.ParentRunner$3.evaluate()V+4
j  org.junit.runners.BlockJUnit4ClassRunner$1.evaluate()V+11
j  org.junit.runners.ParentRunner.runLeaf(Lorg/junit/runners/model/Statement;Lorg/junit/runner/Description;Lorg/junit/runner/notification/RunNotifier;)V+17
j  org.junit.runners.BlockJUnit4ClassRunner.runChild(Lorg/junit/runners/model/FrameworkMethod;Lorg/junit/runner/notification/RunNotifier;)V+38
j  org.junit.runners.BlockJUnit4ClassRunner.runChild(Ljava/lang/Object;Lorg/junit/runner/notification/RunNotifier;)V+6
j  org.junit.runners.ParentRunner$4.run()V+12
j  org.junit.runners.ParentRunner$1.schedule(Ljava/lang/Runnable;)V+1
j  org.junit.runners.ParentRunner.runChildren(Lorg/junit/runner/notification/RunNotifier;)V+44
j  org.junit.runners.ParentRunner.access$100(Lorg/junit/runners/ParentRunner;Lorg/junit/runner/notification/RunNotifier;)V+2
j  org.junit.runners.ParentRunner$2.evaluate()V+8
j  org.junit.runners.ParentRunner$3.evaluate()V+4
j  org.junit.runners.ParentRunner.run(Lorg/junit/runner/notification/RunNotifier;)V+24
j  org.gradle.api.internal.tasks.testing.junit.JUnitTestClassExecutor.runTestClass(Ljava/lang/String;)V+301
j  org.gradle.api.internal.tasks.testing.junit.JUnitTestClassExecutor.execute(Ljava/lang/String;)V+12
j  org.gradle.api.internal.tasks.testing.junit.JUnitTestClassExecutor.execute(Ljava/lang/Object;)V+5
j  org.gradle.api.internal.tasks.testing.junit.AbstractJUnitTestClassProcessor.processTestClass(Lorg/gradle/api/internal/tasks/testing/TestClassRunInfo;)V+33
j  org.gradle.api.internal.tasks.testing.SuiteTestClassProcessor.processTestClass(Lorg/gradle/api/internal/tasks/testing/TestClassRunInfo;)V+5
j  java.lang.invoke.LambdaForm$DMH+0x00000c0001043400.invokeInterface(Ljava/lang/Object;Ljava/lang/Object;Ljava/lang/Object;)V+24 java.base@26.0.2.1
j  java.lang.invoke.LambdaForm$MH+0x00000c000105d400.invoke(Ljava/lang/Object;Ljava/lang/Object;Ljava/lang/Object;)Ljava/lang/Object;+52 java.base@26.0.2.1
j  java.lang.invoke.Invokers$Holder.invokeExact_MT(Ljava/lang/Object;Ljava/lang/Object;Ljava/lang/Object;Ljava/lang/Object;)Ljava/lang/Object;+20 java.base@26.0.2.1
j  jdk.internal.reflect.DirectMethodHandleAccessor.invokeImpl(Ljava/lang/Object;[Ljava/lang/Object;)Ljava/lang/Object;+55 java.base@26.0.2.1
j  jdk.internal.reflect.DirectMethodHandleAccessor.invoke(Ljava/lang/Object;[Ljava/lang/Object;)Ljava/lang/Object;+23 java.base@26.0.2.1
j  java.lang.reflect.Method.invoke(Ljava/lang/Object;[Ljava/lang/Object;)Ljava/lang/Object;+102 java.base@26.0.2.1
j  org.gradle.internal.dispatch.ReflectionDispatch.dispatch(Lorg/gradle/internal/dispatch/MethodInvocation;)V+19
j  org.gradle.internal.dispatch.ReflectionDispatch.dispatch(Ljava/lang/Object;)V+5
j  org.gradle.internal.dispatch.ContextClassLoaderDispatch.dispatch(Ljava/lang/Object;)V+22
j  org.gradle.internal.dispatch.ProxyDispatchAdapter$DispatchingInvocationHandler.invoke(Ljava/lang/Object;Ljava/lang/reflect/Method;[Ljava/lang/Object;)Ljava/lang/Object;+177
j  jdk.proxy1.$Proxy4.processTestClass(Lorg/gradle/api/internal/tasks/testing/TestClassRunInfo;)V+16 jdk.proxy1
j  org.gradle.api.internal.tasks.testing.worker.TestWorker$2.run()V+34
j  org.gradle.api.internal.tasks.testing.worker.TestWorker.executeAndMaintainThreadName(Ljava/lang/Runnable;)V+1
j  org.gradle.api.internal.tasks.testing.worker.TestWorker.execute(Lorg/gradle/process/internal/worker/WorkerProcessContext;)V+76
j  org.gradle.api.internal.tasks.testing.worker.TestWorker.execute(Ljava/lang/Object;)V+5
j  org.gradle.process.internal.worker.child.ActionExecutionWorker.execute(Lorg/gradle/process/internal/worker/WorkerProcessContext;)V+65
j  org.gradle.process.internal.worker.child.SystemApplicationClassLoaderWorker.call()Ljava/lang/Void;+270
j  org.gradle.process.internal.worker.child.SystemApplicationClassLoaderWorker.call()Ljava/lang/Object;+1
j  worker.org.gradle.process.internal.worker.GradleWorkerMain.run()V+250
j  worker.org.gradle.process.internal.worker.GradleWorkerMain.main([Ljava/lang/String;)V+7
v  ~StubRoutines::Stub Generator call_stub_stub 0x0000000117a4c454
V  [libjvm.dylib+0x515614]  JavaCalls::call_helper(JavaValue*, methodHandle const&, JavaCallArguments*, JavaThread*)+0x3d8
V  [libjvm.dylib+0x59bf70]  jni_invoke_static(JNIEnv_*, JavaValue*, _jobject*, JNICallType, _jmethodID*, JNI_ArgumentPusher*, JavaThread*)+0x17c
V  [libjvm.dylib+0x59fa4c]  jni_CallStaticVoidMethod+0x104
C  [libjli.dylib+0x7790]  JavaMain+0x91c
C  [libjli.dylib+0xa1b4]  ThreadJavaMain+0xc
C  [libsystem_pthread.dylib+0x6c58]  _pthread_start+0x88
Java frames: (J=compiled Java code, j=interpreted, Vv=VM code)
j  com.lalilu.lmedia.TaglibWrapper.readMetadataWithPath(Ljava/lang/String;Lkotlin/coroutines/Continuation;)Ljava/lang/Object;+0
j  com.lalilu.lmedia.Taglib.readMetadata(Ljava/lang/String;Lkotlin/coroutines/Continuation;)Ljava/lang/Object;+5
j  com.lalilu.lmedia.TaglibJvmSmokeTest$smoke$1.invokeSuspend(Ljava/lang/Object;)Ljava/lang/Object;+266
j  kotlin.coroutines.jvm.internal.BaseContinuationImpl.resumeWith(Ljava/lang/Object;)V+40
j  kotlinx.coroutines.DispatchedTask.run()V+314
j  kotlinx.coroutines.EventLoopImplBase.processNextEvent()J+27
j  kotlinx.coroutines.BlockingCoroutine.joinBlocking()Ljava/lang/Object;+43
j  kotlinx.coroutines.BuildersKt__BuildersKt.runBlockingImpl(Lkotlin/coroutines/CoroutineContext;Lkotlinx/coroutines/EventLoop;Lkotlin/jvm/functions/Function2;)Ljava/lang/Object;+23
j  kotlinx.coroutines.BuildersKt.runBlockingImpl(Lkotlin/coroutines/CoroutineContext;Lkotlinx/coroutines/EventLoop;Lkotlin/jvm/functions/Function2;)Ljava/lang/Object;+3
j  kotlinx.coroutines.BuildersKt__Builders_concurrentKt.runBlockingK(Lkotlin/coroutines/CoroutineContext;Lkotlin/jvm/functions/Function2;)Ljava/lang/Object;+79
j  kotlinx.coroutines.BuildersKt.runBlockingK(Lkotlin/coroutines/CoroutineContext;Lkotlin/jvm/functions/Function2;)Ljava/lang/Object;+2
j  kotlinx.coroutines.BuildersKt__Builders_concurrentKt.runBlockingK$default(Lkotlin/coroutines/CoroutineContext;Lkotlin/jvm/functions/Function2;ILjava/lang/Object;)Ljava/lang/Object;+15
j  kotlinx.coroutines.BuildersKt.runBlockingK$default(Lkotlin/coroutines/CoroutineContext;Lkotlin/jvm/functions/Function2;ILjava/lang/Object;)Ljava/lang/Object;+4
j  com.lalilu.lmedia.TaglibJvmSmokeTest.smoke()V+14
j  java.lang.invoke.DirectMethodHandle$Holder.invokeSpecial(Ljava/lang/Object;Ljava/lang/Object;)V+10 java.base@26.0.2.1
j  java.lang.invoke.LambdaForm$MH+0x00000c000109c800.invoke(Ljava/lang/Object;Ljava/lang/Object;)Ljava/lang/Object;+31 java.base@26.0.2.1
j  java.lang.invoke.Invokers$Holder.invokeExact_MT(Ljava/lang/Object;Ljava/lang/Object;Ljava/lang/Object;)Ljava/lang/Object;+19 java.base@26.0.2.1
j  jdk.internal.reflect.DirectMethodHandleAccessor.invokeImpl(Ljava/lang/Object;[Ljava/lang/Object;)Ljava/lang/Object;+41 java.base@26.0.2.1
j  jdk.internal.reflect.DirectMethodHandleAccessor.invoke(Ljava/lang/Object;[Ljava/lang/Object;)Ljava/lang/Object;+23 java.base@26.0.2.1
j  java.lang.reflect.Method.invoke(Ljava/lang/Object;[Ljava/lang/Object;)Ljava/lang/Object;+102 java.base@26.0.2.1
j  org.junit.runners.model.FrameworkMethod$1.runReflectiveCall()Ljava/lang/Object;+15
j  org.junit.internal.runners.model.ReflectiveCallable.run()Ljava/lang/Object;+1
j  org.junit.runners.model.FrameworkMethod.invokeExplosively(Ljava/lang/Object;[Ljava/lang/Object;)Ljava/lang/Object;+10
j  org.junit.internal.runners.statements.InvokeMethod.evaluate()V+12
j  org.junit.runners.ParentRunner$3.evaluate()V+4
j  org.junit.runners.BlockJUnit4ClassRunner$1.evaluate()V+11
j  org.junit.runners.ParentRunner.runLeaf(Lorg/junit/runners/model/Statement;Lorg/junit/runner/Description;Lorg/junit/runner/notification/RunNotifier;)V+17
j  org.junit.runners.BlockJUnit4ClassRunner.runChild(Lorg/junit/runners/model/FrameworkMethod;Lorg/junit/runner/notification/RunNotifier;)V+38
j  org.junit.runners.BlockJUnit4ClassRunner.runChild(Ljava/lang/Object;Lorg/junit/runner/notification/RunNotifier;)V+6
j  org.junit.runners.ParentRunner$4.run()V+12
j  org.junit.runners.ParentRunner$1.schedule(Ljava/lang/Runnable;)V+1
j  org.junit.runners.ParentRunner.runChildren(Lorg/junit/runner/notification/RunNotifier;)V+44
j  org.junit.runners.ParentRunner.access$100(Lorg/junit/runners/ParentRunner;Lorg/junit/runner/notification/RunNotifier;)V+2
j  org.junit.runners.ParentRunner$2.evaluate()V+8
j  org.junit.runners.ParentRunner$3.evaluate()V+4
j  org.junit.runners.ParentRunner.run(Lorg/junit/runner/notification/RunNotifier;)V+24
j  org.gradle.api.internal.tasks.testing.junit.JUnitTestClassExecutor.runTestClass(Ljava/lang/String;)V+301
j  org.gradle.api.internal.tasks.testing.junit.JUnitTestClassExecutor.execute(Ljava/lang/String;)V+12
j  org.gradle.api.internal.tasks.testing.junit.JUnitTestClassExecutor.execute(Ljava/lang/Object;)V+5
j  org.gradle.api.internal.tasks.testing.junit.AbstractJUnitTestClassProcessor.processTestClass(Lorg/gradle/api/internal/tasks/testing/TestClassRunInfo;)V+33
j  org.gradle.api.internal.tasks.testing.SuiteTestClassProcessor.processTestClass(Lorg/gradle/api/internal/tasks/testing/TestClassRunInfo;)V+5
j  java.lang.invoke.LambdaForm$DMH+0x00000c0001043400.invokeInterface(Ljava/lang/Object;Ljava/lang/Object;Ljava/lang/Object;)V+24 java.base@26.0.2.1
j  java.lang.invoke.LambdaForm$MH+0x00000c000105d400.invoke(Ljava/lang/Object;Ljava/lang/Object;Ljava/lang/Object;)Ljava/lang/Object;+52 java.base@26.0.2.1
j  java.lang.invoke.Invokers$Holder.invokeExact_MT(Ljava/lang/Object;Ljava/lang/Object;Ljava/lang/Object;Ljava/lang/Object;)Ljava/lang/Object;+20 java.base@26.0.2.1
j  jdk.internal.reflect.DirectMethodHandleAccessor.invokeImpl(Ljava/lang/Object;[Ljava/lang/Object;)Ljava/lang/Object;+55 java.base@26.0.2.1
j  jdk.internal.reflect.DirectMethodHandleAccessor.invoke(Ljava/lang/Object;[Ljava/lang/Object;)Ljava/lang/Object;+23 java.base@26.0.2.1
j  java.lang.reflect.Method.invoke(Ljava/lang/Object;[Ljava/lang/Object;)Ljava/lang/Object;+102 java.base@26.0.2.1
j  org.gradle.internal.dispatch.ReflectionDispatch.dispatch(Lorg/gradle/internal/dispatch/MethodInvocation;)V+19
j  org.gradle.internal.dispatch.ReflectionDispatch.dispatch(Ljava/lang/Object;)V+5
j  org.gradle.internal.dispatch.ContextClassLoaderDispatch.dispatch(Ljava/lang/Object;)V+22
j  org.gradle.internal.dispatch.ProxyDispatchAdapter$DispatchingInvocationHandler.invoke(Ljava/lang/Object;Ljava/lang/reflect/Method;[Ljava/lang/Object;)Ljava/lang/Object;+177
j  jdk.proxy1.$Proxy4.processTestClass(Lorg/gradle/api/internal/tasks/testing/TestClassRunInfo;)V+16 jdk.proxy1
j  org.gradle.api.internal.tasks.testing.worker.TestWorker$2.run()V+34
j  org.gradle.api.internal.tasks.testing.worker.TestWorker.executeAndMaintainThreadName(Ljava/lang/Runnable;)V+1
j  org.gradle.api.internal.tasks.testing.worker.TestWorker.execute(Lorg/gradle/process/internal/worker/WorkerProcessContext;)V+76
j  org.gradle.api.internal.tasks.testing.worker.TestWorker.execute(Ljava/lang/Object;)V+5
j  org.gradle.process.internal.worker.child.ActionExecutionWorker.execute(Lorg/gradle/process/internal/worker/WorkerProcessContext;)V+65
j  org.gradle.process.internal.worker.child.SystemApplicationClassLoaderWorker.call()Ljava/lang/Void;+270
j  org.gradle.process.internal.worker.child.SystemApplicationClassLoaderWorker.call()Ljava/lang/Object;+1
j  worker.org.gradle.process.internal.worker.GradleWorkerMain.run()V+250
j  worker.org.gradle.process.internal.worker.GradleWorkerMain.main([Ljava/lang/String;)V+7
v  ~StubRoutines::Stub Generator call_stub_stub 0x0000000117a4c454

siginfo: si_signo: 11 (SIGSEGV), si_code: 2 (SEGV_ACCERR), si_addr: 0x0000000000000000

Registers:
 x0=0x00000001011f2350  x1=0x0000000000000000  x2=0x0000000000000000  x3=0x000000016f44c8d0
 x4=0xfffffff96880ad92  x5=0x000000000000001a  x6=0x000000000000005d  x7=0x00000000000006c0
 x8=0x0000000000000000  x9=0xca646531a0c300db x10=0x0000000000000006 x11=0x0000000000000002
x12=0x000000016f44b7d0 x13=0x000000016f44b7c8 x14=0x0000000000000010 x15=0x0000000000000009
x16=0x0000000186b20a1c x17=0x00000001f4ba0e98 x18=0x0000000000000000 x19=0x00000001011f1f40
x20=0x0000000000000001 x21=0x0000000000000000 x22=0x000000016f44c8d0 x23=0x0000000000000000
x24=0x00000001011f2350 x25=0x0000000807108a00 x26=0x0000000807108a20 x27=0x0000000807108a28
x28=0x0000000807108a38  fp=0x000000016f44c8a0  lr=0x0000000106d0ee58  sp=0x000000016f44c800
pc=0x0000000106d0efb4 cpsr=0x0000000080000000

Register to memory mapping:

x0 =0x00000001011f2350 points into unknown readable memory: 0x00000001074d4008 | 08 40 4d 07 01 00 00 00
x1 =0x0 is null
x2 =0x0 is null
x3 =0x000000016f44c8d0 is pointing into the stack for thread: 0x00000001011f1f40
x4 =0xfffffff96880ad92 is an unknown value
x5 =0x000000000000001a is an unknown value
x6 =0x000000000000005d is an unknown value
x7 =0x00000000000006c0 is an unknown value
x8 =0x0 is null
x9 =0xca646531a0c300db is an unknown value
x10=0x0000000000000006 is an unknown value
x11=0x0000000000000002 is an unknown value
x12=0x000000016f44b7d0 is pointing into the stack for thread: 0x00000001011f1f40
x13=0x000000016f44b7c8 is pointing into the stack for thread: 0x00000001011f1f40
x14=0x0000000000000010 is an unknown value
x15=0x0000000000000009 is an unknown value
x16=0x0000000186b20a1c: pthread_jit_write_protect_np+0 in /usr/lib/system/libsystem_pthread.dylib at 0x0000000186b19000
x17=0x00000001f4ba0e98 points into unknown readable memory: 0x00000001869126b8 | b8 26 91 86 01 00 00 00
x18=0x0 is null
x19=0x00000001011f1f40 is a thread
x20=0x0000000000000001 is an unknown value
x21=0x0 is null
x22=0x000000016f44c8d0 is pointing into the stack for thread: 0x00000001011f1f40
x23=0x0 is null
x24=0x00000001011f2350 points into unknown readable memory: 0x00000001074d4008 | 08 40 4d 07 01 00 00 00
x25=0x0000000807108a00 points into unknown readable memory: 0x0000000461a68fe0 | e0 8f a6 61 04 00 00 00
x26=0x0000000807108a20 points into unknown readable memory: 0x0000000461a690a8 | a8 90 a6 61 04 00 00 00
x27=0x0000000807108a28 points into unknown readable memory: 0x0000000461a690d8 | d8 90 a6 61 04 00 00 00
x28=0x0000000807108a38 points into unknown readable memory: 0x0000000461a69128 | 28 91 a6 61 04 00 00 00
 fp=0x000000016f44c8a0 is pointing into the stack for thread: 0x00000001011f1f40
 lr=0x0000000106d0ee58: jni_NewObjectV+0xb0 in /Users/miku/Library/Java/JavaVirtualMachines/openjdk-26.0.2.1/Contents/Home/lib/server/libjvm.dylib at 0x000000010677c000
 sp=0x000000016f44c800 is pointing into the stack for thread: 0x00000001011f1f40

Top of Stack: (sp=0x000000016f44c800)
0x000000016f44c800:   ca646531a0c300db 0000000106d60960   ....1ed.`.......
0x000000016f44c810:   0000000807108a38 0000000807108a28   8.......(.......
0x000000016f44c820:   0000000807108a20 0000000807108a00    ...............
0x000000016f44c830:   00000001011f2350 0000000000000000   P#..............
0x000000016f44c840:   00000001066cbe86 00000001011f1f40   ..l.....@.......
0x000000016f44c850:   00000001011f2c58 000000010000042e   X,..............
0x000000016f44c860:   00000001073745b1 0000000106d0f9e8   .E7.............
0x000000016f44c870:   000000000003f8bf 0000000807108a50   ........P.......
0x000000016f44c880:   0000000000000000 0000000807108a48   ........H.......
0x000000016f44c890:   0000000807108a40 00000001011f2350   @.......P#......
0x000000016f44c8a0:   000000016f44c8c0 00000001066b75c0   ..Do.....uk.....
0x000000016f44c8b0:   0000000807108a40 000000016f44c8d0   @.........Do....
0x000000016f44c8c0:   000000016f44cab0 00000001066b73cc   ..Do.....sk.....
0x000000016f44c8d0:   0000000807108a00 0000000807108a08   ................
0x000000016f44c8e0:   0000000807108a10 0000000807108a30   ........0.......
0x000000016f44c8f0:   0000000807108a38 0000000807108a40   8.......@.......
0x000000016f44c900:   0000000807108a18 0000000807108a48   ........H.......
0x000000016f44c910:   0000000807108a20 0000000807108a28    .......(.......
0x000000016f44c920:   0000000807108a50 000000000003f8bf   P...............
0x000000016f44c930:   0000000000000000 0000000000000000   ................
0x000000016f44c940:   000000016f44c990 0000000807108a30   ..Do....0.......
0x000000016f44c950:   0000000807108a18 0000000807108a10   ................
0x000000016f44c960:   0000000807108a08 0000000809c06278   ........xb......
0x000000016f44c970:   0000000809c06260 0000000809c06278   `b......xb......
0x000000016f44c980:   0000000809c06260 0000000809c06228   `b......(b......
0x000000016f44c990:   0000000809c06210 0000000809c061d8   .b.......a......
0x000000016f44c9a0:   0000000809c061c0 0000000809c06188   .a.......a......
0x000000016f44c9b0:   0000000809c06170 00000008095acce8   pa........Z.....
0x000000016f44c9c0:   00000008095accd0 0000000809c06138   ..Z.....8a......
0x000000016f44c9d0:   0000000809c06120 00000008095ac978    a......x.Z.....
0x000000016f44c9e0:   00000008095ac960 0100000806d043c0   `.Z......C......
0x000000016f44c9f0:   0000000806d043d8 0000000806d043c0   .C.......C......

Instructions: (pc=0x0000000106d0efb4)
  0x0000000106d0eeb4:   21 00 80 52 02 00 80 52 8c 0a 0f 94 68 8a 44 b9
  0x0000000106d0eec4:   a8 fb 1f 36 e0 03 13 aa 31 5c fe 97 68 32 12 91
  0x0000000106d0eed4:   c9 00 80 52 09 fd 9f 88 f3 ff 04 a9 68 06 40 f9
  0x0000000106d0eee4:   68 fb ff b5 dc ff ff 17 e0 0a 00 d1 c8 3d 00 f0
  0x0000000106d0eef4:   08 45 40 f9 00 01 3f d6 e1 03 13 aa 73 67 fd 97
  0x0000000106d0ef04:   68 06 40 f9 08 06 00 b4 17 00 80 d2 15 00 80 d2
  0x0000000106d0ef14:   e0 03 17 aa 1f 20 03 d5 e8 2b 40 f9 68 00 00 b4
  0x0000000106d0ef24:   e0 23 01 91 98 bf 0d 94 76 ca 40 f9 c8 0a 40 f9
  0x0000000106d0ef34:   09 01 40 f9 89 00 00 b4 e0 03 16 aa bf a9 fc 97
  0x0000000106d0ef44:   c8 0a 40 f9 c9 06 40 f9 28 0d 00 f9 c8 0e 40 f9
  0x0000000106d0ef54:   c9 06 40 f9 28 11 00 f9 c8 12 40 f9 c9 06 40 f9
  0x0000000106d0ef64:   28 15 00 f9 60 c2 0f 91 a7 70 f9 97 bf 3b 03 d5
  0x0000000106d0ef74:   68 32 12 91 89 00 80 52 09 fd 9f 88 68 ba 43 b9
  0x0000000106d0ef84:   1f 01 14 6b 80 00 00 54 74 ba 03 b9 e0 03 14 aa
  0x0000000106d0ef94:   46 a3 0c 94 e0 03 15 aa fd 7b 4a a9 f4 4f 49 a9
  0x0000000106d0efa4:   f6 57 48 a9 f8 5f 47 a9 ff c3 02 91 c0 03 5f d6
=>0x0000000106d0efb4:   e0 02 40 f9 e1 03 13 aa 44 67 fd 97 68 06 40 f9
  0x0000000106d0efc4:   48 fa ff b5 e1 03 00 aa e0 03 13 aa 02 00 80 52
  0x0000000106d0efd4:   67 27 01 94 f7 03 00 aa c8 01 80 52 e8 e3 00 39
  0x0000000106d0efe4:   e0 03 15 aa 95 f2 0a 94 e1 03 00 aa e0 23 00 91
  0x0000000106d0eff4:   e6 78 00 94 e8 3c 00 b0 08 21 31 91 e8 07 00 f9
  0x0000000106d0f004:   f6 1b 00 f9 e0 e3 00 91 e4 23 00 91 e1 03 17 aa
  0x0000000106d0f014:   42 00 80 52 e3 03 15 aa e5 03 13 aa 38 fe ff 97
  0x0000000106d0f024:   68 06 40 f9 1f 01 00 f1 f5 02 9f 9a e0 03 17 aa
  0x0000000106d0f034:   1f 20 03 d5 e8 2b 40 f9 48 f7 ff b5 bb ff ff 17
  0x0000000106d0f044:   ff c3 02 d1 f8 5f 07 a9 f6 57 08 a9 f4 4f 09 a9
  0x0000000106d0f054:   fd 7b 0a a9 fd 83 02 91 f5 03 02 aa f6 03 01 aa
  0x0000000106d0f064:   f7 03 00 aa 13 40 10 d1 08 40 02 91 08 c1 bf b8
  0x0000000106d0f074:   89 d5 9b 12 08 01 09 0b 1f 05 00 71 68 00 00 54
  0x0000000106d0f084:   e0 03 13 aa 82 57 fe 97 74 ba 43 b9 94 00 00 34
  0x0000000106d0f094:   7f ba 03 b9 00 00 80 52 04 a3 0c 94 a8 3f 00 b0
  0x0000000106d0f0a4:   08 61 2a 91 08 01 40 39 69 32 12 91 ca 00 80 52


Stack slot to memory mapping:

stack at sp + 0 slots: 0xca646531a0c300db is an unknown value
stack at sp + 1 slots: 0x0000000106d60960: _Z28find_class_from_class_loaderP7JNIEnv_P6Symbolh6HandlehP10JavaThread+0x30 in /Users/miku/Library/Java/JavaVirtualMachines/openjdk-26.0.2.1/Contents/Home/lib/server/libjvm.dylib at 0x000000010677c000
stack at sp + 2 slots: 0x0000000807108a38 points into unknown readable memory: 0x0000000461a69128 | 28 91 a6 61 04 00 00 00
stack at sp + 3 slots: 0x0000000807108a28 points into unknown readable memory: 0x0000000461a690d8 | d8 90 a6 61 04 00 00 00
stack at sp + 4 slots: 0x0000000807108a20 points into unknown readable memory: 0x0000000461a690a8 | a8 90 a6 61 04 00 00 00
stack at sp + 5 slots: 0x0000000807108a00 points into unknown readable memory: 0x0000000461a68fe0 | e0 8f a6 61 04 00 00 00
stack at sp + 6 slots: 0x00000001011f2350 points into unknown readable memory: 0x00000001074d4008 | 08 40 4d 07 01 00 00 00
stack at sp + 7 slots: 0x0 is null

Lock stack of current Java thread (top to bottom):


---------------  P R O C E S S  ---------------

Threads class SMR info:
_java_thread_list=0x0000000806c38060, length=14, elements={
0x00000001011f1f40, 0x0000000806cd4800, 0x0000000806cd5000, 0x0000000806cd5800,
0x0000000806cd6000, 0x0000000806cd6800, 0x00000008070c9e00, 0x00000008070ca800,
0x0000000806cd7000, 0x0000000806cd7800, 0x0000000806e6a000, 0x0000000806e6a800,
0x0000000806e6b000, 0x0000000806e6b800
}

Java Threads: ( => current thread )
=>0x00000001011f1f40 JavaThread "Test worker @coroutine#1"          [_thread_in_vm, id=5891, stack(0x000000016f24c000,0x000000016f44f000) (2060K)]
  0x0000000806cd4800 JavaThread "Reference Handler"          daemon [_thread_blocked, id=28931, stack(0x00000001705d0000,0x00000001707d3000) (2060K)]
  0x0000000806cd5000 JavaThread "Finalizer"                  daemon [_thread_blocked, id=25347, stack(0x00000001707dc000,0x00000001709df000) (2060K)]
  0x0000000806cd5800 JavaThread "Signal Dispatcher"          daemon [_thread_blocked, id=25859, stack(0x00000001709e8000,0x0000000170beb000) (2060K)]
  0x0000000806cd6000 JavaThread "Service Thread"             daemon [_thread_blocked, id=28419, stack(0x0000000170bf4000,0x0000000170df7000) (2060K)]
  0x0000000806cd6800 JavaThread "Monitor Deflation Thread"   daemon [_thread_blocked, id=28163, stack(0x0000000170e00000,0x0000000171003000) (2060K)]
  0x00000008070c9e00 JavaThread "C2 CompilerThread0"         daemon [_thread_in_native, id=26371, stack(0x000000017100c000,0x000000017120f000) (2060K)]
  0x00000008070ca800 JavaThread "C1 CompilerThread0"         daemon [_thread_blocked, id=26883, stack(0x0000000171218000,0x000000017141b000) (2060K)]
  0x0000000806cd7000 JavaThread "Notification Thread"        daemon [_thread_blocked, id=27651, stack(0x0000000171424000,0x0000000171627000) (2060K)]
  0x0000000806cd7800 JavaThread "Common-Cleaner"             daemon [_thread_blocked, id=32771, stack(0x0000000171630000,0x0000000171833000) (2060K)]
  0x0000000806e6a000 JavaThread "/127.0.0.1:57050 to /127.0.0.1:57049 workers"        [_thread_blocked, id=42243, stack(0x0000000171c54000,0x0000000171e57000) (2060K)]
  0x0000000806e6a800 JavaThread "InnocuousThread-1"          daemon [_thread_blocked, id=41987, stack(0x0000000171e60000,0x0000000172063000) (2060K)]
  0x0000000806e6b000 JavaThread "/127.0.0.1:57050 to /127.0.0.1:57049 workers Thread 2"        [_thread_blocked, id=41731, stack(0x000000017206c000,0x000000017226f000) (2060K)]
  0x0000000806e6b800 JavaThread "/127.0.0.1:57050 to /127.0.0.1:57049 workers Thread 3"        [_thread_in_native, id=41219, stack(0x0000000172278000,0x000000017247b000) (2060K)]
Total: 14

Other Threads:
  0x00000008070f5c00 VMThread "VM Thread"                           [id=19203, stack(0x00000001702ac000,0x00000001704af000) (2060K)]
  0x00000008070f6400 WatcherThread "VM Periodic Task Thread"        [id=17159, stack(0x00000001700a0000,0x00000001702a3000) (2060K)]
  0x00000001011f7ed0 WorkerThread "GC Thread#0"                     [id=12291, stack(0x000000016f458000,0x000000016f65b000) (2060K)]
  0x0000000807346000 WorkerThread "GC Thread#1"                     [id=43011, stack(0x000000017183c000,0x0000000171a3f000) (2060K)]
  0x0000000809524000 WorkerThread "GC Thread#2"                     [id=33795, stack(0x0000000172484000,0x0000000172687000) (2060K)]
  0x0000000809524400 WorkerThread "GC Thread#3"                     [id=40707, stack(0x0000000172690000,0x0000000172893000) (2060K)]
  0x0000000809524c00 WorkerThread "GC Thread#4"                     [id=40451, stack(0x000000017289c000,0x0000000172a9f000) (2060K)]
  0x0000000809525400 WorkerThread "GC Thread#5"                     [id=34819, stack(0x0000000172aa8000,0x0000000172cab000) (2060K)]
  0x0000000809525c00 WorkerThread "GC Thread#6"                     [id=35331, stack(0x0000000172cb4000,0x0000000172eb7000) (2060K)]
  0x0000000809526400 WorkerThread "GC Thread#7"                     [id=40195, stack(0x0000000172ec0000,0x00000001730c3000) (2060K)]
  0x00000001011f9370 ConcurrentGCThread "G1 Main Marker"            [id=13827, stack(0x000000016f664000,0x000000016f867000) (2060K)]
  0x00000001011f9d90 WorkerThread "G1 Conc#0"                       [id=13059, stack(0x000000016f870000,0x000000016fa73000) (2060K)]
  0x0000000807347c00 WorkerThread "G1 Conc#1"                       [id=42499, stack(0x0000000171a48000,0x0000000171c4b000) (2060K)]
  0x00000008070f4800 WorkerThread "G1 Refinement Workers#0"         [id=21251, stack(0x000000016fc88000,0x000000016fe8b000) (2060K)]
  0x0000000806c84a00 ConcurrentGCThread "G1 Refine Control"         [id=16387, stack(0x000000016fa7c000,0x000000016fc7f000) (2060K)]
  0x0000000806c84f00 ConcurrentGCThread "G1 Service"                [id=20739, stack(0x000000016fe94000,0x0000000170097000) (2060K)]
Total: 16

Threads with active compile tasks:
C2 CompilerThread0  915 1388       4       java.util.zip.ZipFile$1::getMetaInfVersions (6 bytes)
Total: 1

VM state: not at safepoint (normal execution)

VM Mutex/Monitor currently owned by a thread: None

Heap address: 0x0000000460000000, size: 512 MB, Compressed Oops mode: Zero based, Oop shift amount: 3

CDS archive(s) mapped at: [0x00000c0000000000-0x00000c0000dac000-0x00000c0000dac000), size 14336000, SharedBaseAddress: 0x00000c0000000000, ArchiveRelocationMode: 1.
Compressed class space mapped at: 0x00000c0001000000-0x00000c0041000000, reserved size: 1073741824
UseCompressedClassPointers 1, UseCompactObjectHeaders 0
Narrow klass pointer bits 32, Max shift 3
Narrow klass base: 0x00000c0000000000, Narrow klass shift: 0
Encoding Range: [0x00000c0000000000 - 0x00000c0100000000), (4294967296 bytes)
Klass Range:    [0x00000c0000000000 - 0x00000c0041000000), (1090519040 bytes)
Klass ID Range:  [8 - 1090519033) (1090519025)
Protection zone: [0x00000c0000000000 - 0x00000c0000004000), (16384 bytes)

GC Precious Log:
 CardTable entry size: 512
 Card Set container configuration: InlinePtr #cards 5 size 8 Array Of Cards #cards 10 size 36 Howl #buckets 4 coarsen threshold 1843 Howl Bitmap #cards 512 size 80 coarsen threshold 460 Card regions per heap region 1 cards per card region 2048
 CPUs: 10 total, 10 available
 Memory: 16384M
 Large Page Support: Disabled
 NUMA Support: Disabled
 Compressed Oops: Enabled (Zero based)
 Heap Region Size: 1M
 Heap Min Capacity: 8M
 Heap Initial Capacity: 8M
 Heap Max Capacity: 512M
 Pre-touch: Disabled
 Parallel Workers: 9
 Concurrent Workers: 2
 Concurrent Refinement Workers: 9
 Periodic GC: Disabled

Heap:
 garbage-first heap   total reserved 524288K, committed 30720K, used 10030K [0x0000000460000000, 0x0000000480000000)
  region size 1M, 3 eden (3M), 2 survivor (2M), 7 old (7M), 0 humongous (0M), 18 free (18M)

Heap Regions: E=young(eden), S=young(survivor), O=old, HS=humongous(starts), HC=humongous(continues), CS=collection set, F=free, TAMS=top-at-mark-start, PB=parsable bottom
|    0|0x0000000460000000, 0x0000000460100000, 0x0000000460100000|100%| O|  |TAMS 0x0000000460000000| PB 0x0000000460000000| Untracked |  0
|    1|0x0000000460100000, 0x0000000460200000, 0x0000000460200000|100%| O|  |TAMS 0x0000000460100000| PB 0x0000000460100000| Untracked |  0
|    2|0x0000000460200000, 0x0000000460300000, 0x0000000460300000|100%| O|  |TAMS 0x0000000460200000| PB 0x0000000460200000| Untracked |  0
|    3|0x0000000460300000, 0x0000000460400000, 0x0000000460400000|100%| O|  |TAMS 0x0000000460300000| PB 0x0000000460300000| Untracked |  0
|    4|0x0000000460400000, 0x0000000460500000, 0x0000000460500000|100%| O|  |TAMS 0x0000000460400000| PB 0x0000000460400000| Untracked |  0
|    5|0x0000000460500000, 0x0000000460539be8, 0x0000000460600000| 22%| O|  |TAMS 0x0000000460500000| PB 0x0000000460500000| Untracked |  0
|    6|0x0000000460600000, 0x0000000460600000, 0x0000000460700000|  0%| F|  |TAMS 0x0000000460600000| PB 0x0000000460600000| Untracked |  0
|    7|0x0000000460700000, 0x0000000460700000, 0x0000000460800000|  0%| F|  |TAMS 0x0000000460700000| PB 0x0000000460700000| Untracked |  0
|    8|0x0000000460800000, 0x0000000460800000, 0x0000000460900000|  0%| F|  |TAMS 0x0000000460800000| PB 0x0000000460800000| Untracked |  0
|    9|0x0000000460900000, 0x0000000460900000, 0x0000000460a00000|  0%| F|  |TAMS 0x0000000460900000| PB 0x0000000460900000| Untracked |  0
|   10|0x0000000460a00000, 0x0000000460a00000, 0x0000000460b00000|  0%| F|  |TAMS 0x0000000460a00000| PB 0x0000000460a00000| Untracked |  0
|   11|0x0000000460b00000, 0x0000000460b00000, 0x0000000460c00000|  0%| F|  |TAMS 0x0000000460b00000| PB 0x0000000460b00000| Untracked |  0
|   12|0x0000000460c00000, 0x0000000460c00000, 0x0000000460d00000|  0%| F|  |TAMS 0x0000000460c00000| PB 0x0000000460c00000| Untracked |  0
|   13|0x0000000460d00000, 0x0000000460d00000, 0x0000000460e00000|  0%| F|  |TAMS 0x0000000460d00000| PB 0x0000000460d00000| Untracked |  0
|   14|0x0000000460e00000, 0x0000000460e00000, 0x0000000460f00000|  0%| F|  |TAMS 0x0000000460e00000| PB 0x0000000460e00000| Untracked |  0
|   15|0x0000000460f00000, 0x0000000460f00000, 0x0000000461000000|  0%| F|  |TAMS 0x0000000460f00000| PB 0x0000000460f00000| Untracked |  0
|   16|0x0000000461000000, 0x0000000461000000, 0x0000000461100000|  0%| F|  |TAMS 0x0000000461000000| PB 0x0000000461000000| Untracked |  0
|   17|0x0000000461100000, 0x0000000461100000, 0x0000000461200000|  0%| F|  |TAMS 0x0000000461100000| PB 0x0000000461100000| Untracked |  0
|   18|0x0000000461200000, 0x0000000461200000, 0x0000000461300000|  0%| F|  |TAMS 0x0000000461200000| PB 0x0000000461200000| Untracked |  0
|   19|0x0000000461300000, 0x0000000461391cd8, 0x0000000461400000| 56%| S|CS|TAMS 0x0000000461300000| PB 0x0000000461300000| Complete  |  0
|   20|0x0000000461400000, 0x0000000461500000, 0x0000000461500000|100%| S|CS|TAMS 0x0000000461400000| PB 0x0000000461400000| Complete  |  0
|   21|0x0000000461500000, 0x0000000461500000, 0x0000000461600000|  0%| F|  |TAMS 0x0000000461500000| PB 0x0000000461500000| Untracked |  0
|   22|0x0000000461600000, 0x0000000461600000, 0x0000000461700000|  0%| F|  |TAMS 0x0000000461600000| PB 0x0000000461600000| Untracked |  0
|   23|0x0000000461700000, 0x0000000461700000, 0x0000000461800000|  0%| F|  |TAMS 0x0000000461700000| PB 0x0000000461700000| Untracked |  0
|   24|0x0000000461800000, 0x0000000461800000, 0x0000000461900000|  0%| F|  |TAMS 0x0000000461800000| PB 0x0000000461800000| Untracked |  0
|   25|0x0000000461900000, 0x0000000461900000, 0x0000000461a00000|  0%| F|  |TAMS 0x0000000461900000| PB 0x0000000461900000| Untracked |  0
|   26|0x0000000461a00000, 0x0000000461a7e6d8, 0x0000000461b00000| 49%| E|CS|TAMS 0x0000000461a00000| PB 0x0000000461a00000| Complete  |  0
|   27|0x0000000461b00000, 0x0000000461c00000, 0x0000000461c00000|100%| E|CS|TAMS 0x0000000461b00000| PB 0x0000000461b00000| Complete  |  0
|  510|0x000000047fe00000, 0x000000047ff00000, 0x000000047ff00000|100%| O|  |TAMS 0x000000047fe00000| PB 0x000000047fe00000| Untracked |  0
|  511|0x000000047ff00000, 0x0000000480000000, 0x0000000480000000|100%| E|CS|TAMS 0x000000047ff00000| PB 0x000000047ff00000| Complete  |  0

Card table byte_map: [0x0000000105a84000,0x0000000105b84000] _byte_map_base: 0x0000000103784000
Refinement table byte_map: [0x0000000105b84000,0x0000000105c84000] _byte_map_base: 0x0000000103884000

Marking Bits: (CMBitMap*) 0x00000001011f8a00
 Bits: [0x0000000105c84000, 0x0000000106484000)

Polling page: 0x0000000100c68000

Metaspace:
Metaspace        used 8147K, committed 8320K, reserved 1114112K
 class space     used 984K, committed 1088K, reserved 1048576K

Usage:
  Non-class:      6.99 MB used.
      Class:    984.23 KB used.
       Both:      7.96 MB used.

Virtual space:
  Non-class space:       64.00 MB reserved,       7.06 MB ( 11%) committed,  1 nodes.
      Class space:        1.00 GB reserved,       1.06 MB ( <1%) committed,  1 nodes.
             Both:        1.06 GB reserved,       8.12 MB ( <1%) committed. 

Chunk freelists:
   Non-Class:  8.25 MB
       Class:  14.84 MB
        Both:  23.09 MB

MaxMetaspaceSize: unlimited
CompressedClassSpaceSize: 1.00 GB
Initial GC threshold: 21.00 MB
Current GC threshold: 21.00 MB
CDS: on
 - commit_granule_bytes: 65536.
 - commit_granule_words: 8192.
 - virtual_space_node_default_size: 8388608.
 - enlarge_chunks_in_place: 1.
UseCompressedClassPointers 1, UseCompactObjectHeaders 0
Narrow klass pointer bits 32, Max shift 3
Narrow klass base: 0x00000c0000000000, Narrow klass shift: 0
Encoding Range: [0x00000c0000000000 - 0x00000c0100000000), (4294967296 bytes)
Klass Range:    [0x00000c0000000000 - 0x00000c0041000000), (1090519040 bytes)
Klass ID Range:  [8 - 1090519033) (1090519025)
Protection zone: [0x00000c0000000000 - 0x00000c0000004000), (16384 bytes)


Internal statistics:

num_allocs_failed_limit: 0.
num_arena_births: 116.
num_arena_deaths: 0.
num_vsnodes_births: 2.
num_vsnodes_deaths: 0.
num_space_committed: 130.
num_space_uncommitted: 0.
num_chunks_returned_to_freelist: 0.
num_chunks_taken_from_freelist: 342.
num_chunk_merges: 0.
num_chunk_splits: 221.
num_chunks_enlarged: 165.
num_inconsistent_stats: 0.

CodeHeap 'non-profiled nmethods': size=120032Kb used=295Kb max_used=295Kb free=119736Kb
 bounds [0x0000000117fe0000, 0x0000000118250000, 0x000000011f518000]
CodeHeap 'profiled nmethods': size=120032Kb used=1985Kb max_used=1985Kb free=118046Kb
 bounds [0x0000000110514000, 0x0000000110784000, 0x0000000117a4c000]
CodeHeap 'non-nmethods': size=5712Kb used=1303Kb max_used=1329Kb free=4408Kb
 bounds [0x0000000117a4c000, 0x0000000117cbc000, 0x0000000117fe0000]
CodeCache: size=245776Kb, used=3583Kb, max_used=3609Kb, free=242190Kb
 total_blobs=1889, nmethods=1377, adapters=421, full_count=0
Compilation: enabled, stopped_count=0, restarted_count=0

Compilation events (20 events):
Event: 0.201 Thread 0x00000008070ca800 nmethod 1377 0x0000000110700208 code [0x0000000110700300, 0x0000000110700680]
Event: 0.882 Thread 0x00000008070ca800 1383  s!   3       java.util.jar.JarFile::ensureInitialization (54 bytes)
Event: 0.883 Thread 0x00000008070ca800 nmethod 1383 0x0000000110700688 code [0x0000000110700780, 0x0000000110701030]
Event: 0.884 Thread 0x00000008070ca800 1384       3       java.util.HashMap::put (13 bytes)
Event: 0.885 Thread 0x00000008070ca800 nmethod 1384 0x0000000110701048 code [0x0000000110701140, 0x00000001107014d0]
Event: 0.892 Thread 0x00000008070ca800 1385       3       java.util.jar.JarFile$JarFileEntry::getRealName (5 bytes)
Event: 0.892 Thread 0x00000008070ca800 nmethod 1385 0x0000000110701508 code [0x0000000110701600, 0x0000000110701740]
Event: 0.896 Thread 0x00000008070ca800 1386       3       java.nio.Buffer::limit (65 bytes)
Event: 0.897 Thread 0x00000008070ca800 nmethod 1386 0x0000000110701748 code [0x0000000110701840, 0x0000000110701b00]
Event: 0.897 Thread 0x00000008070c9e00 1387       4       java.lang.String::replace (42 bytes)
Event: 0.899 Thread 0x00000008070ca800 1390       3       java.lang.StringUTF16::putChar (54 bytes)
Event: 0.899 Thread 0x00000008070ca800 nmethod 1390 0x0000000110701b08 code [0x0000000110701c00, 0x0000000110701d60]
Event: 0.899 Thread 0x00000008070ca800 1391       3       java.lang.String::<init> (98 bytes)
Event: 0.900 Thread 0x00000008070ca800 nmethod 1391 0x0000000110701d88 code [0x0000000110701e80, 0x00000001107025f0]
Event: 0.900 Thread 0x00000008070ca800 1392       3       java.lang.AbstractStringBuilder::append (100 bytes)
Event: 0.900 Thread 0x00000008070ca800 nmethod 1392 0x0000000110702608 code [0x0000000110702700, 0x0000000110702e40]
Event: 0.900 Thread 0x00000008070ca800 1393       3       java.util.jar.JarFile::getVersionedEntry (114 bytes)
Event: 0.901 Thread 0x00000008070ca800 nmethod 1393 0x0000000110702e48 code [0x0000000110702f40, 0x0000000110703f60]
Event: 0.902 Thread 0x00000008070ca800 1394       3       java.lang.String::getBytes (44 bytes)
Event: 0.902 Thread 0x00000008070ca800 nmethod 1394 0x0000000110703fc8 code [0x00000001107040c0, 0x0000000110704460]

GC Heap Usage History (12 events):
Event: 0.061 {heap Before GC invocations=0 (full 0):
 garbage-first heap   total reserved 524288K, committed 10240K, used 4234K [0x0000000460000000, 0x0000000480000000)
  region size 1M, 4 eden (4M), 0 survivor (0M), 2 old (2M), 0 humongous (0M), 4 free (4M)
}
Event: 0.062 {heap After GC invocations=1 (full 0):
 garbage-first heap   total reserved 524288K, committed 10240K, used 2454K [0x0000000460000000, 0x0000000480000000)
  region size 1M, 0 eden (0M), 1 survivor (1M), 3 old (3M), 0 humongous (0M), 6 free (6M)
}
Event: 0.073 {heap Before GC invocations=1 (full 0):
 garbage-first heap   total reserved 524288K, committed 10240K, used 3478K [0x0000000460000000, 0x0000000480000000)
  region size 1M, 2 eden (2M), 1 survivor (1M), 3 old (3M), 0 humongous (0M), 4 free (4M)
}
Event: 0.074 {heap After GC invocations=2 (full 0):
 garbage-first heap   total reserved 524288K, committed 10240K, used 4234K [0x0000000460000000, 0x0000000480000000)
  region size 1M, 0 eden (0M), 1 survivor (1M), 4 old (4M), 0 humongous (0M), 5 free (5M)
}
Event: 0.077 {heap Before GC invocations=2 (full 0):
 garbage-first heap   total reserved 524288K, committed 10240K, used 4234K [0x0000000460000000, 0x0000000480000000)
  region size 1M, 1 eden (1M), 1 survivor (1M), 4 old (4M), 0 humongous (0M), 4 free (4M)
}
Event: 0.077 {heap After GC invocations=3 (full 0):
 garbage-first heap   total reserved 524288K, committed 10240K, used 4971K [0x0000000460000000, 0x0000000480000000)
  region size 1M, 0 eden (0M), 1 survivor (1M), 6 old (6M), 0 humongous (0M), 3 free (3M)
}
Event: 0.082 {heap Before GC invocations=4 (full 0):
 garbage-first heap   total reserved 524288K, committed 10240K, used 5995K [0x0000000460000000, 0x0000000480000000)
  region size 1M, 1 eden (1M), 1 survivor (1M), 6 old (6M), 0 humongous (0M), 2 free (2M)
}
Event: 0.083 {heap After GC invocations=5 (full 0):
 garbage-first heap   total reserved 524288K, committed 30720K, used 5611K [0x0000000460000000, 0x0000000480000000)
  region size 1M, 0 eden (0M), 1 survivor (1M), 6 old (6M), 0 humongous (0M), 23 free (23M)
}
Event: 0.146 {heap Before GC invocations=5 (full 0):
 garbage-first heap   total reserved 524288K, committed 30720K, used 13803K [0x0000000460000000, 0x0000000480000000)
  region size 1M, 9 eden (9M), 1 survivor (1M), 6 old (6M), 0 humongous (0M), 14 free (14M)
}
Event: 0.147 {heap After GC invocations=6 (full 0):
 garbage-first heap   total reserved 524288K, committed 30720K, used 7377K [0x0000000460000000, 0x0000000480000000)
  region size 1M, 0 eden (0M), 2 survivor (2M), 6 old (6M), 0 humongous (0M), 22 free (22M)
}
Event: 0.190 {heap Before GC invocations=6 (full 0):
 garbage-first heap   total reserved 524288K, committed 30720K, used 14545K [0x0000000460000000, 0x0000000480000000)
  region size 1M, 8 eden (8M), 2 survivor (2M), 6 old (6M), 0 humongous (0M), 14 free (14M)
}
Event: 0.190 {heap After GC invocations=7 (full 0):
 garbage-first heap   total reserved 524288K, committed 30720K, used 7982K [0x0000000460000000, 0x0000000480000000)
  region size 1M, 0 eden (0M), 2 survivor (2M), 7 old (7M), 0 humongous (0M), 21 free (21M)
}

Metaspace Usage History (12 events):
Event: 0.061 {metaspace Before GC invocations=0 (full 0):
 Metaspace       used 1706K, committed 1920K, reserved 1114112K
  class space    used 182K, committed 256K, reserved 1048576K
}
Event: 0.062 {metaspace After GC invocations=1 (full 0):
 Metaspace       used 1706K, committed 1920K, reserved 1114112K
  class space    used 182K, committed 256K, reserved 1048576K
}
Event: 0.073 {metaspace Before GC invocations=1 (full 0):
 Metaspace       used 1764K, committed 1984K, reserved 1114112K
  class space    used 182K, committed 256K, reserved 1048576K
}
Event: 0.074 {metaspace After GC invocations=2 (full 0):
 Metaspace       used 1764K, committed 1984K, reserved 1114112K
  class space    used 182K, committed 256K, reserved 1048576K
}
Event: 0.077 {metaspace Before GC invocations=2 (full 0):
 Metaspace       used 1792K, committed 1984K, reserved 1114112K
  class space    used 183K, committed 256K, reserved 1048576K
}
Event: 0.077 {metaspace After GC invocations=3 (full 0):
 Metaspace       used 1792K, committed 1984K, reserved 1114112K
  class space    used 183K, committed 256K, reserved 1048576K
}
Event: 0.082 {metaspace Before GC invocations=4 (full 0):
 Metaspace       used 2184K, committed 2368K, reserved 1114112K
  class space    used 236K, committed 320K, reserved 1048576K
}
Event: 0.083 {metaspace After GC invocations=5 (full 0):
 Metaspace       used 2184K, committed 2368K, reserved 1114112K
  class space    used 236K, committed 320K, reserved 1048576K
}
Event: 0.146 {metaspace Before GC invocations=5 (full 0):
 Metaspace       used 5113K, committed 5312K, reserved 1114112K
  class space    used 641K, committed 704K, reserved 1048576K
}
Event: 0.147 {metaspace After GC invocations=6 (full 0):
 Metaspace       used 5113K, committed 5312K, reserved 1114112K
  class space    used 641K, committed 704K, reserved 1048576K
}
Event: 0.190 {metaspace Before GC invocations=6 (full 0):
 Metaspace       used 7384K, committed 7552K, reserved 1114112K
  class space    used 915K, committed 1024K, reserved 1048576K
}
Event: 0.190 {metaspace After GC invocations=7 (full 0):
 Metaspace       used 7384K, committed 7552K, reserved 1114112K
  class space    used 915K, committed 1024K, reserved 1048576K
}

Dll operation events (20 events):
Event: 0.201 Attempting to load shared library /Library/Java/Extensions/libtag.jnilib
Event: 0.201 Loading shared library /Library/Java/Extensions/libtag.jnilib failed, dlopen(/Library/Java/Extensions/libtag.jnilib, 0x0001): tried: '/Library/Java/Extensions/libtag.jnilib' (no such file), '/System/Volumes/Preboot/Cryptexes/OS/Library/Java/Extensions/lib
Event: 0.201 Attempting to load shared library /Network/Library/Java/Extensions/libtag.dylib
Event: 0.201 Loading shared library /Network/Library/Java/Extensions/libtag.dylib failed, dlopen(/Network/Library/Java/Extensions/libtag.dylib, 0x0001): tried: '/Network/Library/Java/Extensions/libtag.dylib' (no such file), '/System/Volumes/Preboot/Cryptexes/OS/Networ
Event: 0.201 Attempting to load shared library /Network/Library/Java/Extensions/libtag.jnilib
Event: 0.201 Loading shared library /Network/Library/Java/Extensions/libtag.jnilib failed, dlopen(/Network/Library/Java/Extensions/libtag.jnilib, 0x0001): tried: '/Network/Library/Java/Extensions/libtag.jnilib' (no such file), '/System/Volumes/Preboot/Cryptexes/OS/Net
Event: 0.201 Attempting to load shared library /System/Library/Java/Extensions/libtag.dylib
Event: 0.201 Loading shared library /System/Library/Java/Extensions/libtag.dylib failed, dlopen(/System/Library/Java/Extensions/libtag.dylib, 0x0001): tried: '/System/Library/Java/Extensions/libtag.dylib' (no such file), '/System/Volumes/Preboot/Cryptexes/OS/System/Li
Event: 0.201 Attempting to load shared library /System/Library/Java/Extensions/libtag.jnilib
Event: 0.201 Loading shared library /System/Library/Java/Extensions/libtag.jnilib failed, dlopen(/System/Library/Java/Extensions/libtag.jnilib, 0x0001): tried: '/System/Library/Java/Extensions/libtag.jnilib' (no such file), '/System/Volumes/Preboot/Cryptexes/OS/System
Event: 0.201 Attempting to load shared library /usr/lib/java/libtag.dylib
Event: 0.201 Loading shared library /usr/lib/java/libtag.dylib failed, dlopen(/usr/lib/java/libtag.dylib, 0x0001): tried: '/usr/lib/java/libtag.dylib' (no such file), '/System/Volumes/Preboot/Cryptexes/OS/usr/lib/java/libtag.dylib' (no such file), '/usr/lib/java/libta
Event: 0.201 Attempting to load shared library /usr/lib/java/libtag.jnilib
Event: 0.201 Loading shared library /usr/lib/java/libtag.jnilib failed, dlopen(/usr/lib/java/libtag.jnilib, 0x0001): tried: '/usr/lib/java/libtag.jnilib' (no such file), '/System/Volumes/Preboot/Cryptexes/OS/usr/lib/java/libtag.jnilib' (no such file), '/usr/lib/java/l
Event: 0.201 Attempting to load shared library /Users/miku/Code/LMusic-KMP/lmedia/lmedia-core/libtag.dylib
Event: 0.201 Loading shared library /Users/miku/Code/LMusic-KMP/lmedia/lmedia-core/libtag.dylib failed, dlopen(/Users/miku/Code/LMusic-KMP/lmedia/lmedia-core/libtag.dylib, 0x0001): tried: '/Users/miku/Code/LMusic-KMP/lmedia/lmedia-core/libtag.dylib' (no such file), '/
Event: 0.201 Attempting to load shared library /Users/miku/Code/LMusic-KMP/lmedia/lmedia-core/libtag.jnilib
Event: 0.201 Loading shared library /Users/miku/Code/LMusic-KMP/lmedia/lmedia-core/libtag.jnilib failed, dlopen(/Users/miku/Code/LMusic-KMP/lmedia/lmedia-core/libtag.jnilib, 0x0001): tried: '/Users/miku/Code/LMusic-KMP/lmedia/lmedia-core/libtag.jnilib' (no such file),
Event: 0.204 Attempting to load shared library /private/var/folders/1r/__0s65l907q49qkg3rzkr0780000gn/T/nativelib-loader_17058178145629442797/libtag.dylib
Event: 0.880 Loaded shared library /private/var/folders/1r/__0s65l907q49qkg3rzkr0780000gn/T/nativelib-loader_17058178145629442797/libtag.dylib

Deoptimization events (20 events):
Event: 0.899 Thread 0x00000001011f1f40 Uncommon trap: trap_request=0xffffff45 fr.pc=0x0000000118003770 relative=0x00000000000003b0
Event: 0.899 Thread 0x00000001011f1f40 Uncommon trap: reason=unstable_if action=reinterpret pc=0x0000000118003770 method=java.lang.AbstractStringBuilder.needsNewBuffer([BBIB)Z @ 8 c2
Event: 0.899 Thread 0x00000001011f1f40 DEOPT PACKING pc=0x0000000118003770 sp=0x000000016f44c990
Event: 0.899 Thread 0x00000001011f1f40 DEOPT UNPACKING pc=0x0000000117b5efdc sp=0x000000016f44c890 mode 2
Event: 0.899 Thread 0x00000001011f1f40 Uncommon trap: trap_request=0xffffff45 fr.pc=0x000000011801ee7c relative=0x000000000000033c
Event: 0.899 Thread 0x00000001011f1f40 Uncommon trap: reason=unstable_if action=reinterpret pc=0x000000011801ee7c method=java.lang.String.<init>(Ljava/lang/AbstractStringBuilder;Ljava/lang/Void;)V @ 19 c2
Event: 0.899 Thread 0x00000001011f1f40 DEOPT PACKING pc=0x000000011801ee7c sp=0x000000016f44c9b0
Event: 0.899 Thread 0x00000001011f1f40 DEOPT UNPACKING pc=0x0000000117b5efdc sp=0x000000016f44c930 mode 2
Event: 0.902 Thread 0x00000001011f1f40 Uncommon trap: trap_request=0xffffff45 fr.pc=0x0000000118009e6c relative=0x000000000000042c
Event: 0.902 Thread 0x00000001011f1f40 Uncommon trap: reason=unstable_if action=reinterpret pc=0x0000000118009e6c method=java.lang.String.isLatin1()Z @ 10 c2
Event: 0.902 Thread 0x00000001011f1f40 DEOPT PACKING pc=0x0000000118009e6c sp=0x000000016f44ca70
Event: 0.902 Thread 0x00000001011f1f40 DEOPT UNPACKING pc=0x0000000117b5efdc sp=0x000000016f44c990 mode 2
Event: 0.902 Thread 0x00000001011f1f40 Uncommon trap: trap_request=0xffffff45 fr.pc=0x0000000117ffca20 relative=0x00000000000000e0
Event: 0.902 Thread 0x00000001011f1f40 Uncommon trap: reason=unstable_if action=reinterpret pc=0x0000000117ffca20 method=java.lang.String.getBytes([BIB)V @ 5 c2
Event: 0.902 Thread 0x00000001011f1f40 DEOPT PACKING pc=0x0000000117ffca20 sp=0x000000016f44c930
Event: 0.902 Thread 0x00000001011f1f40 DEOPT UNPACKING pc=0x0000000117b5efdc sp=0x000000016f44c8b0 mode 2
Event: 0.902 Thread 0x00000001011f1f40 Uncommon trap: trap_request=0xffffff45 fr.pc=0x0000000117fea590 relative=0x0000000000000150
Event: 0.902 Thread 0x00000001011f1f40 Uncommon trap: reason=unstable_if action=reinterpret pc=0x0000000117fea590 method=java.lang.StringCoding.countPositives([BII)I @ 17 c2
Event: 0.902 Thread 0x00000001011f1f40 DEOPT PACKING pc=0x0000000117fea590 sp=0x000000016f44c1c0
Event: 0.902 Thread 0x00000001011f1f40 DEOPT UNPACKING pc=0x0000000117b5efdc sp=0x000000016f44c160 mode 2

Classes loaded (20 events):
Event: 0.195 Loading class java/io/DeleteOnExitHook
Event: 0.195 Loading class java/io/DeleteOnExitHook done
Event: 0.195 Loading class java/io/DeleteOnExitHook$1
Event: 0.195 Loading class java/io/DeleteOnExitHook$1 done
Event: 0.198 Loading class java/time/ZonedDateTime
Event: 0.198 Loading class java/time/chrono/ChronoZonedDateTime
Event: 0.198 Loading class java/time/chrono/ChronoZonedDateTime done
Event: 0.198 Loading class java/time/ZonedDateTime done
Event: 0.198 Loading class java/time/ZonedDateTime$1
Event: 0.198 Loading class java/time/ZonedDateTime$1 done
Event: 0.199 Loading class java/nio/charset/CharacterCodingException
Event: 0.199 Loading class java/nio/charset/CharacterCodingException done
Event: 0.199 Loading class java/util/LinkedList$Node
Event: 0.199 Loading class java/util/LinkedList$Node done
Event: 0.199 Loading class jdk/internal/foreign/MemorySessionImpl
Event: 0.199 Loading class java/lang/foreign/MemorySegment$Scope
Event: 0.199 Loading class java/lang/foreign/MemorySegment$Scope done
Event: 0.199 Loading class jdk/internal/foreign/MemorySessionImpl done
Event: 0.204 Loading class java/io/FileOutputStream$1
Event: 0.204 Loading class java/io/FileOutputStream$1 done

Classes unloaded (0 events):
No events

Classes redefined (0 events):
No events

Internal exceptions (20 events):
Event: 0.089 Thread 0x00000001011f1f40 Exception <a 'java/lang/NoSuchMethodError'{0x0000000461ba6840}: static Lorg/gradle/api/internal/tasks/testing/filter/TestFilterSpec;.<clinit>()V> (0x0000000461ba6840) 
thrown [open/src/hotspot/share/prims/jni.cpp, line 1104]
Event: 0.097 Thread 0x00000001011f1f40 Exception <a 'java/lang/NoSuchMethodError'{0x0000000461adf330}: 'java.lang.Object java.lang.invoke.DirectMethodHandle$Holder.invokeVirtual(java.lang.Object, java.lang.Object, java.lang.Object)'> (0x0000000461adf330) 
thrown [open/src/hotspot/share/interpreter/linkResolver.cpp, line 804]
Event: 0.105 Thread 0x00000001011f1f40 Exception <a 'java/lang/NoSuchMethodError'{0x00000004619fc490}: 'java.lang.Object java.lang.invoke.Invokers$Holder.invoker(java.lang.Object, java.lang.Object, java.lang.Object)'> (0x00000004619fc490) 
thrown [open/src/hotspot/share/interpreter/linkResolver.cpp, line 804]
Event: 0.105 Thread 0x00000001011f1f40 Exception <a 'java/lang/NoSuchMethodError'{0x00000004618095c8}: 'java.lang.Object java.lang.invoke.DirectMethodHandle$Holder.invokeStatic(java.lang.Object, java.lang.Object, int)'> (0x00000004618095c8) 
thrown [open/src/hotspot/share/interpreter/linkResolver.cpp, line 804]
Event: 0.105 Thread 0x00000001011f1f40 Exception <a 'java/lang/NoSuchMethodError'{0x000000046181f0a0}: 'void java.lang.invoke.DelegatingMethodHandle$Holder.delegate(java.lang.Object, java.lang.Object, int, java.lang.Object)'> (0x000000046181f0a0) 
thrown [open/src/hotspot/share/interpreter/linkResolver.cpp, line 804]
Event: 0.121 Thread 0x00000001011f1f40 Exception <a 'java/lang/NoSuchMethodError'{0x0000000461678b00}: 'java.lang.Object java.lang.invoke.DirectMethodHandle$Holder.invokeInterface(java.lang.Object, java.lang.Object)'> (0x0000000461678b00) 
thrown [open/src/hotspot/share/interpreter/linkResolver.cpp, line 804]
Event: 0.123 Thread 0x00000001011f1f40 Exception <a 'java/lang/NoSuchMethodError'{0x00000004616c7e98}: 'java.lang.Object java.lang.invoke.DirectMethodHandle$Holder.invokeVirtual(java.lang.Object, java.lang.Object, java.lang.Object, java.lang.Object)'> (0x00000004616c7e98) 
thrown [open/src/hotspot/share/interpreter/linkResolver.cpp, line 804]
Event: 0.124 Thread 0x00000001011f1f40 Exception <a 'java/lang/NoSuchMethodError'{0x00000004616ec2e0}: 'java.lang.Object java.lang.invoke.Invokers$Holder.invokeExact_MT(java.lang.Object, java.lang.Object, java.lang.Object, java.lang.Object, java.lang.Object)'> (0x00000004616ec2e0) 
thrown [open/src/hotspot/share/interpreter/linkResolver.cpp, line 804]
Event: 0.145 Thread 0x0000000806e6a000 Exception <a 'java/lang/NoSuchMethodError'{0x00000004614e4220}: 'void java.lang.invoke.DirectMethodHandle$Holder.invokeInterface(java.lang.Object, java.lang.Object)'> (0x00000004614e4220) 
thrown [open/src/hotspot/share/interpreter/linkResolver.cpp, line 804]
Event: 0.158 Thread 0x00000001011f1f40 Exception <a 'java/lang/IncompatibleClassChangeError'{0x0000000461bdd6f0}: Found class java.lang.Object, but interface was expected> (0x0000000461bdd6f0) 
thrown [open/src/hotspot/share/interpreter/linkResolver.cpp, line 871]
Event: 0.162 Thread 0x00000001011f1f40 Exception <a 'java/lang/NoSuchMethodError'{0x0000000461a85f10}: 'java.lang.Object java.lang.invoke.DirectMethodHandle$Holder.newInvokeSpecial(java.lang.Object, java.lang.Object, java.lang.Object, java.lang.Object, java.lang.Object)'> (0x0000000461a85f10) 
thrown [open/src/hotspot/share/interpreter/linkResolver.cpp, line 804]
Event: 0.168 Thread 0x00000001011f1f40 Exception <a 'java/lang/NoSuchMethodError'{0x0000000461963ee0}: 'void java.lang.invoke.DirectMethodHandle$Holder.invokeInterface(java.lang.Object, java.lang.Object, java.lang.Object, java.lang.Object)'> (0x0000000461963ee0) 
thrown [open/src/hotspot/share/interpreter/linkResolver.cpp, line 804]
Event: 0.168 Thread 0x00000001011f1f40 Exception <a 'java/lang/NoSuchMethodError'{0x000000046196c7a8}: 'void java.lang.invoke.DirectMethodHandle$Holder.invokeSpecial(java.lang.Object, java.lang.Object, java.lang.Object, java.lang.Object, java.lang.Object)'> (0x000000046196c7a8) 
thrown [open/src/hotspot/share/interpreter/linkResolver.cpp, line 804]
Event: 0.171 Thread 0x00000001011f1f40 Exception <a 'java/lang/NoSuchMethodError'{0x00000004618234c0}: 'int java.lang.invoke.DirectMethodHandle$Holder.invokeStatic(java.lang.Object, int, java.lang.Object)'> (0x00000004618234c0) 
thrown [open/src/hotspot/share/interpreter/linkResolver.cpp, line 804]
Event: 0.177 Thread 0x00000001011f1f40 Exception <a 'java/lang/NoSuchMethodError'{0x00000004617756c8}: 'java.lang.Object java.lang.invoke.DirectMethodHandle$Holder.invokeStaticInit(java.lang.Object, java.lang.Object, java.lang.Object)'> (0x00000004617756c8) 
thrown [open/src/hotspot/share/interpreter/linkResolver.cpp, line 804]
Event: 0.188 Thread 0x00000001011f1f40 Exception <a 'java/lang/NoSuchMethodError'{0x00000004615aaa98}: 'java.lang.Object java.lang.invoke.DelegatingMethodHandle$Holder.reinvoke_L(java.lang.Object, java.lang.Object, java.lang.Object, long, java.lang.Object)'> (0x00000004615aaa98) 
thrown [open/src/hotspot/share/interpreter/linkResolver.cpp, line 804]
Event: 0.188 Thread 0x00000001011f1f40 Exception <a 'java/lang/NoSuchMethodError'{0x00000004615bb3a0}: 'java.lang.Object java.lang.invoke.Invokers$Holder.linkToTargetMethod(java.lang.Object, long, java.lang.Object, java.lang.Object)'> (0x00000004615bb3a0) 
thrown [open/src/hotspot/share/interpreter/linkResolver.cpp, line 804]
Event: 0.192 Thread 0x00000001011f1f40 Implicit null exception at 0x0000000118018004 to 0x00000001180188f8
Event: 0.904 Thread 0x00000001011f1f40 Exception <a 'java/lang/NoClassDefFoundError'{0x0000000461a6a6b8}: com/lalilu/lmedia/entity/Metadata> (0x0000000461a6a6b8) 
thrown [open/src/hotspot/share/classfile/systemDictionary.cpp, line 319]
Event: 0.904 Thread 0x00000001011f1f40 Exception <a 'java/lang/NoSuchMethodError'{0x0000000461a6ac70}: <init>> (0x0000000461a6ac70) 
thrown [open/src/hotspot/share/prims/jni.cpp, line 1070]

VM Operations (20 events):
Event: 0.073 Executing safepoint VM operation: G1CollectForAllocation (G1 Evacuation Pause)
Event: 0.074 Executing safepoint VM operation: G1CollectForAllocation (G1 Evacuation Pause) done
Event: 0.077 Executing safepoint VM operation: G1CollectForAllocation (G1 Evacuation Pause)
Event: 0.077 Executing safepoint VM operation: G1CollectForAllocation (G1 Evacuation Pause) done
Event: 0.078 Executing safepoint VM operation: G1PauseRemark
Event: 0.078 Executing safepoint VM operation: G1PauseRemark done
Event: 0.079 Executing safepoint VM operation: G1PauseCleanup
Event: 0.079 Executing safepoint VM operation: G1PauseCleanup done
Event: 0.080 Executing non-safepoint VM operation: HandshakeAllThreads (Deoptimize)
Event: 0.080 Executing non-safepoint VM operation: HandshakeAllThreads (Deoptimize) done
Event: 0.082 Executing safepoint VM operation: G1CollectForAllocation (G1 Evacuation Pause)
Event: 0.083 Executing safepoint VM operation: G1CollectForAllocation (G1 Evacuation Pause) done
Event: 0.119 Executing non-safepoint VM operation: HandshakeAllThreads (Deoptimize)
Event: 0.119 Executing non-safepoint VM operation: HandshakeAllThreads (Deoptimize) done
Event: 0.146 Executing safepoint VM operation: G1CollectForAllocation (G1 Evacuation Pause)
Event: 0.147 Executing safepoint VM operation: G1CollectForAllocation (G1 Evacuation Pause) done
Event: 0.150 Executing non-safepoint VM operation: HandshakeAllThreads (Deoptimize)
Event: 0.150 Executing non-safepoint VM operation: HandshakeAllThreads (Deoptimize) done
Event: 0.190 Executing safepoint VM operation: G1CollectForAllocation (G1 Evacuation Pause)
Event: 0.190 Executing safepoint VM operation: G1CollectForAllocation (G1 Evacuation Pause) done

Memory protections (17 events):
Event: 0.003 Protecting memory [0x000000016f24c000,0x000000016f258000] with protection modes 0
Event: 0.005 Protecting memory [0x00000c0000000000,0x00000c0000004000] with protection modes 0
Event: 0.010 Protecting memory [0x00000001705d0000,0x00000001705dc000] with protection modes 0
Event: 0.010 Protecting memory [0x00000001707dc000,0x00000001707e8000] with protection modes 0
Event: 0.010 Protecting memory [0x00000001709e8000,0x00000001709f4000] with protection modes 0
Event: 0.010 Protecting memory [0x0000000170bf4000,0x0000000170c00000] with protection modes 0
Event: 0.010 Protecting memory [0x0000000170e00000,0x0000000170e0c000] with protection modes 0
Event: 0.010 Protecting memory [0x000000017100c000,0x0000000171018000] with protection modes 0
Event: 0.010 Protecting memory [0x0000000171218000,0x0000000171224000] with protection modes 0
Event: 0.015 Protecting memory [0x0000000171424000,0x0000000171430000] with protection modes 0
Event: 0.016 Protecting memory [0x0000000171630000,0x000000017163c000] with protection modes 0
Event: 0.140 Protecting memory [0x0000000171c54000,0x0000000171c60000] with protection modes 0
Event: 0.141 Protecting memory [0x0000000171e60000,0x0000000171e6c000] with protection modes 0
Event: 0.144 Protecting memory [0x000000017206c000,0x0000000172078000] with protection modes 0
Event: 0.145 Protecting memory [0x0000000172278000,0x0000000172284000] with protection modes 0
Event: 0.149 Protecting memory [0x00000001730cc000,0x00000001730d8000] with protection modes 0
Event: 0.882 Protecting memory [0x00000001730cc000,0x00000001730d8000] with protection modes 3

Nmethod flushes (0 events):
No events

Events (19 events):
Event: 0.005 Thread 0x00000001011f1f40 Thread added: 0x00000001011f1f40
Event: 0.006 Thread 0x00000001011f1f40 JVMTI - enter early start phase
Event: 0.010 Thread 0x00000001011f1f40 Thread added: 0x0000000806cd4800
Event: 0.010 Thread 0x00000001011f1f40 Thread added: 0x0000000806cd5000
Event: 0.010 Thread 0x00000001011f1f40 Thread added: 0x0000000806cd5800
Event: 0.010 Thread 0x00000001011f1f40 Thread added: 0x0000000806cd6000
Event: 0.010 Thread 0x00000001011f1f40 Thread added: 0x0000000806cd6800
Event: 0.010 Thread 0x00000001011f1f40 Thread added: 0x00000008070c9e00
Event: 0.010 Thread 0x00000001011f1f40 Thread added: 0x00000008070ca800
Event: 0.015 Thread 0x00000001011f1f40 JVMTI - enter start phase
Event: 0.015 Thread 0x00000001011f1f40 JVMTI - enter live phase
Event: 0.015 Thread 0x00000001011f1f40 Thread added: 0x0000000806cd7000
Event: 0.016 Thread 0x00000001011f1f40 Thread added: 0x0000000806cd7800
Event: 0.140 Thread 0x00000001011f1f40 Thread added: 0x0000000806e6a000
Event: 0.141 Thread 0x00000001011f1f40 Thread added: 0x0000000806e6a800
Event: 0.144 Thread 0x00000001011f1f40 Thread added: 0x0000000806e6b000
Event: 0.145 Thread 0x00000001011f1f40 Thread added: 0x0000000806e6b800
Event: 0.149 Thread 0x00000008070ca800 Thread added: 0x0000000809485e00
Event: 0.882 Thread 0x0000000809485e00 Thread exited: 0x0000000809485e00


Dynamic libraries:
0x0000000100c78000 	/Users/miku/Library/Java/JavaVirtualMachines/openjdk-26.0.2.1/Contents/Home/lib/libjli.dylib
0x00000001a37d8000 	/System/Library/Frameworks/ApplicationServices.framework/Versions/A/ApplicationServices
0x000000018d8c8000 	/System/Library/Frameworks/CoreGraphics.framework/Versions/A/CoreGraphics
0x0000000189a46000 	/System/Library/Frameworks/CoreText.framework/Versions/A/CoreText
0x0000000193c5f000 	/System/Library/Frameworks/ImageIO.framework/Versions/A/ImageIO
0x000000018e01e000 	/System/Library/Frameworks/ColorSync.framework/Versions/A/ColorSync
0x000000019abba000 	/System/Library/Frameworks/ApplicationServices.framework/Versions/A/Frameworks/ATS.framework/Versions/A/ATS
0x000000019f0fe000 	/System/Library/Frameworks/CoreServices.framework/Versions/A/CoreServices
0x000000018e1c6000 	/System/Library/Frameworks/ApplicationServices.framework/Versions/A/Frameworks/HIServices.framework/Versions/A/HIServices
0x0000000199288000 	/System/Library/Frameworks/ApplicationServices.framework/Versions/A/Frameworks/PrintCore.framework/Versions/A/PrintCore
0x000000019af73000 	/System/Library/Frameworks/ApplicationServices.framework/Versions/A/Frameworks/QD.framework/Versions/A/QD
0x000000019af6e000 	/System/Library/Frameworks/ApplicationServices.framework/Versions/A/Frameworks/ColorSyncLegacy.framework/Versions/A/ColorSyncLegacy
0x000000019ab8c000 	/System/Library/Frameworks/ApplicationServices.framework/Versions/A/Frameworks/SpeechSynthesis.framework/Versions/A/SpeechSynthesis
0x000000019697a000 	/usr/lib/libSystem.B.dylib
0x000000018d311000 	/System/Library/PrivateFrameworks/SkyLight.framework/Versions/A/SkyLight
0x000000018ea08000 	/System/Library/PrivateFrameworks/ProtocolBuffer.framework/Versions/A/ProtocolBuffer
0x000000019697e000 	/System/Library/PrivateFrameworks/SoftLinking.framework/Versions/A/SoftLinking
0x000000018a826000 	/usr/lib/libicucore.A.dylib
0x00000001906b5000 	/System/Library/PrivateFrameworks/CoreAnalytics.framework/Versions/A/CoreAnalytics
0x000000019363a000 	/System/Library/PrivateFrameworks/FontServices.framework/libFontParser.dylib
0x000000019f37d000 	/System/Library/Frameworks/Accelerate.framework/Versions/A/Accelerate
0x000000019316c000 	/System/Library/Frameworks/IOSurface.framework/Versions/A/IOSurface
0x00000001913f8000 	/usr/lib/libxml2.2.dylib
0x000000018ce82000 	/System/Library/Frameworks/CFNetwork.framework/Versions/A/CFNetwork
0x0000000186b5f000 	/System/Library/Frameworks/CoreFoundation.framework/Versions/A/CoreFoundation
0x00000001883ce000 	/System/Library/Frameworks/Foundation.framework/Versions/C/Foundation
0x00000001968c4000 	/usr/lib/libz.1.dylib
0x00000001866ac000 	/usr/lib/libobjc.A.dylib
0x0000000186a2f000 	/usr/lib/libc++.1.dylib
0x000000018a406000 	/System/Library/Frameworks/Security.framework/Versions/A/Security
0x000000023fc9f000 	/System/Library/PrivateFrameworks/CollectionsInternal.framework/Versions/A/CollectionsInternal
0x000000019a26f000 	/usr/lib/swift/libswiftCore.dylib
0x00000001b4538000 	/usr/lib/swift/libswiftCoreFoundation.dylib
0x00000001a0e75000 	/usr/lib/swift/libswiftDispatch.dylib
0x00000001b4599000 	/usr/lib/swift/libswiftIOKit.dylib
0x00000001a3e4f000 	/usr/lib/swift/libswiftObjectiveC.dylib
0x00000001b454b000 	/usr/lib/swift/libswiftXPC.dylib
0x000000028c22e000 	/usr/lib/swift/libswift_Builtin_float.dylib
0x000000023c95b000 	/System/Library/PrivateFrameworks/BiomeLibrary.framework/Versions/A/BiomeLibrary
0x000000018ecaa000 	/System/Library/PrivateFrameworks/BaseBoard.framework/Versions/A/BaseBoard
0x00000001a11d6000 	/System/Library/PrivateFrameworks/BoardServices.framework/Versions/A/BoardServices
0x00000001a30a5000 	/System/Library/PrivateFrameworks/BackBoardServices.framework/Versions/A/BackBoardServices
0x000000023c860000 	/System/Library/PrivateFrameworks/BackBoardHIDEventFoundation.framework/Versions/A/BackBoardHIDEventFoundation
0x00000001914df000 	/System/Library/Frameworks/CoreVideo.framework/Versions/A/CoreVideo
0x00000001906e5000 	/usr/lib/libDiagnosticMessagesClient.dylib
0x0000000189562000 	/System/Library/Frameworks/CoreDisplay.framework/Versions/A/CoreDisplay
0x0000000195bcd000 	/usr/lib/libbsm.0.dylib
0x0000000198be1000 	/System/Library/Frameworks/VideoToolbox.framework/Versions/A/VideoToolbox
0x0000000196c1d000 	/System/Library/Frameworks/MetalPerformanceShaders.framework/Versions/A/MetalPerformanceShaders
0x000000019587c000 	/System/Library/PrivateFrameworks/IOMobileFramebuffer.framework/Versions/A/IOMobileFramebuffer
0x000000026abef000 	/System/Library/PrivateFrameworks/ProDisplayLibrary.framework/Versions/A/ProDisplayLibrary
0x00000001a6eda000 	/System/Library/PrivateFrameworks/IOSurfaceAccelerator.framework/Versions/A/IOSurfaceAccelerator
0x000000018ed9c000 	/System/Library/PrivateFrameworks/RunningBoardServices.framework/Versions/A/RunningBoardServices
0x000000018803d000 	/System/Library/Frameworks/SystemConfiguration.framework/Versions/A/SystemConfiguration
0x0000000193194000 	/System/Library/Frameworks/Metal.framework/Versions/A/Metal
0x0000000193189000 	/System/Library/PrivateFrameworks/IOAccelerator.framework/Versions/A/IOAccelerator
0x0000000193498000 	/System/Library/Frameworks/CoreMedia.framework/Versions/A/CoreMedia
0x000000018d2ed000 	/System/Library/PrivateFrameworks/TCC.framework/Versions/A/TCC
0x000000018d255000 	/usr/lib/libMobileGestalt.dylib
0x0000000198b99000 	/System/Library/PrivateFrameworks/WatchdogClient.framework/Versions/A/WatchdogClient
0x0000000190c0f000 	/System/Library/Frameworks/QuartzCore.framework/Versions/A/QuartzCore
0x000000018ae7e000 	/System/Library/Frameworks/IOKit.framework/Versions/A/IOKit
0x0000000196c25000 	/usr/lib/libcompression.dylib
0x0000000198b9b000 	/System/Library/PrivateFrameworks/MultitouchSupport.framework/Versions/A/MultitouchSupport
0x00000001cc3dc000 	/usr/lib/swift/libswiftAccelerate.dylib
0x00000001b4518000 	/usr/lib/swift/libswiftCoreAudio.dylib
0x00000001d056d000 	/usr/lib/swift/libswiftCoreMedia.dylib
0x00000001c250e000 	/usr/lib/swift/libswiftMetal.dylib
0x00000001d1d20000 	/usr/lib/swift/libswiftOSLog.dylib
0x00000001c7934000 	/usr/lib/swift/libswiftQuartzCore.dylib
0x00000001cc3cc000 	/usr/lib/swift/libswiftUniformTypeIdentifiers.dylib
0x000000028c216000 	/usr/lib/swift/libswiftVideoToolbox.dylib
0x00000001a3e53000 	/usr/lib/swift/libswiftos.dylib
0x00000001b8092000 	/usr/lib/swift/libswiftsimd.dylib
0x00000001c3581000 	/System/Library/PrivateFrameworks/BiomeStreams.framework/Versions/A/BiomeStreams
0x00000001c988f000 	/System/Library/PrivateFrameworks/BiomeStorage.framework/Versions/A/BiomeStorage
0x00000001bf5d0000 	/System/Library/PrivateFrameworks/BiomeFoundation.framework/Versions/A/BiomeFoundation
0x00000002590a0000 	/System/Library/PrivateFrameworks/IntelligencePlatformLibrary.framework/Versions/A/IntelligencePlatformLibrary
0x000000018ea24000 	/usr/lib/libsqlite3.dylib
0x00000002699b3000 	/System/Library/PrivateFrameworks/PoirotSchematizer.framework/Versions/A/PoirotSchematizer
0x000000023d216000 	/System/Library/PrivateFrameworks/BiomeSync.framework/Versions/A/BiomeSync
0x000000023c941000 	/System/Library/PrivateFrameworks/BiomeDSL.framework/Versions/A/BiomeDSL
0x00000001c982e000 	/System/Library/PrivateFrameworks/BiomePubSub.framework/Versions/A/BiomePubSub
0x00000001b43f8000 	/System/Library/PrivateFrameworks/LoggingSupport.framework/Versions/A/LoggingSupport
0x00000001a4dba000 	/System/Library/PrivateFrameworks/ProactiveSupport.framework/Versions/A/ProactiveSupport
0x00000001e29e9000 	/System/Library/PrivateFrameworks/FeatureFlags.framework/Versions/A/FeatureFlags
0x00000001da7de000 	/System/Library/PrivateFrameworks/InternalSwiftProtobuf.framework/Versions/A/InternalSwiftProtobuf
0x0000000269a21000 	/System/Library/PrivateFrameworks/PoirotUDFs.framework/Versions/A/PoirotUDFs
0x000000028c35f000 	/usr/lib/swift/libswift_StringProcessing.dylib
0x0000000196974000 	/usr/lib/system/libcache.dylib
0x000000019692f000 	/usr/lib/system/libcommonCrypto.dylib
0x000000019695a000 	/usr/lib/system/libcompiler_rt.dylib
0x000000019694f000 	/usr/lib/system/libcopyfile.dylib
0x0000000186862000 	/usr/lib/system/libcorecrypto.dylib
0x0000000186962000 	/usr/lib/system/libdispatch.dylib
0x00000001866ff000 	/usr/lib/system/libdyld.dylib
0x000000019696a000 	/usr/lib/system/libkeymgr.dylib
0x0000000196912000 	/usr/lib/system/libmacho.dylib
0x0000000195ba5000 	/usr/lib/system/libquarantine.dylib
0x0000000196967000 	/usr/lib/system/libremovefile.dylib
0x000000018d2d5000 	/usr/lib/system/libsystem_asl.dylib
0x00000001867e8000 	/usr/lib/system/libsystem_blocks.dylib
0x00000001869ad000 	/usr/lib/system/libsystem_c.dylib
0x000000019695e000 	/usr/lib/system/libsystem_collections.dylib
0x0000000194545000 	/usr/lib/system/libsystem_configuration.dylib
0x0000000193133000 	/usr/lib/system/libsystem_containermanager.dylib
0x0000000196344000 	/usr/lib/system/libsystem_coreservices.dylib
0x000000018aafc000 	/usr/lib/system/libsystem_darwin.dylib
0x000000028c550000 	/usr/lib/system/libsystem_darwindirectory.dylib
0x000000019696b000 	/usr/lib/system/libsystem_dnssd.dylib
0x000000028c554000 	/usr/lib/system/libsystem_eligibility.dylib
0x00000001869aa000 	/usr/lib/system/libsystem_featureflags.dylib
0x0000000186b2f000 	/usr/lib/system/libsystem_info.dylib
0x00000001968d3000 	/usr/lib/system/libsystem_m.dylib
0x0000000186911000 	/usr/lib/system/libsystem_malloc.dylib
0x000000018d238000 	/usr/lib/system/libsystem_networkextension.dylib
0x000000018af67000 	/usr/lib/system/libsystem_notify.dylib
0x000000019454a000 	/usr/lib/system/libsystem_sandbox.dylib
0x000000028c55f000 	/usr/lib/system/libsystem_sanitizers.dylib
0x0000000196963000 	/usr/lib/system/libsystem_secinit.dylib
0x0000000186adb000 	/usr/lib/system/libsystem_kernel.dylib
0x0000000186b26000 	/usr/lib/system/libsystem_platform.dylib
0x0000000186b19000 	/usr/lib/system/libsystem_pthread.dylib
0x000000018ee8e000 	/usr/lib/system/libsystem_symptoms.dylib
0x0000000186841000 	/usr/lib/system/libsystem_trace.dylib
0x000000028c567000 	/usr/lib/system/libsystem_trial.dylib
0x000000019693d000 	/usr/lib/system/libunwind.dylib
0x00000001867ec000 	/usr/lib/system/libxpc.dylib
0x0000000186ac0000 	/usr/lib/libc++abi.dylib
0x000000028a93d000 	/usr/lib/libRosetta.dylib
0x000000028bdb9000 	/usr/lib/libswiftPrespecialized.dylib
0x00000001913af000 	/System/Library/PrivateFrameworks/CoreAutoLayout.framework/Versions/A/CoreAutoLayout
0x000000019697c000 	/usr/lib/libfakelink.dylib
0x00000001907e0000 	/System/Library/Frameworks/DiskArbitration.framework/Versions/A/DiskArbitration
0x00000001969cf000 	/usr/lib/libarchive.2.dylib
0x0000000194558000 	/usr/lib/liblangid.dylib
0x000000019cd70000 	/System/Library/Frameworks/Combine.framework/Versions/A/Combine
0x000000026bce5000 	/System/Library/PrivateFrameworks/ReflectionInternal.framework/Versions/A/ReflectionInternal
0x000000026cc39000 	/System/Library/PrivateFrameworks/RuntimeInternal.framework/Versions/A/RuntimeInternal
0x00000001b12fb000 	/usr/lib/swift/libswiftDarwin.dylib
0x000000028c1fc000 	/usr/lib/swift/libswiftSystem.dylib
0x000000028c22f000 	/usr/lib/swift/libswift_Concurrency.dylib
0x000000028c2bb000 	/usr/lib/swift/libswift_DarwinFoundation1.dylib
0x000000018adfe000 	/System/Library/PrivateFrameworks/CoreServicesInternal.framework/Versions/A/CoreServicesInternal
0x0000000196947000 	/usr/lib/liboah.dylib
0x00000001a3283000 	/System/Library/PrivateFrameworks/DiskImages.framework/Versions/A/DiskImages
0x00000001b0d9f000 	/System/Library/Frameworks/NetFS.framework/Versions/A/NetFS
0x0000000191374000 	/System/Library/Frameworks/CoreServices.framework/Versions/A/Frameworks/FSEvents.framework/Versions/A/FSEvents
0x000000018ab06000 	/System/Library/Frameworks/CoreServices.framework/Versions/A/Frameworks/CarbonCore.framework/Versions/A/CarbonCore
0x0000000190754000 	/System/Library/Frameworks/CoreServices.framework/Versions/A/Frameworks/Metadata.framework/Versions/A/Metadata
0x000000019634b000 	/System/Library/Frameworks/CoreServices.framework/Versions/A/Frameworks/OSServices.framework/Versions/A/OSServices
0x0000000196ac7000 	/System/Library/Frameworks/CoreServices.framework/Versions/A/Frameworks/SearchKit.framework/Versions/A/SearchKit
0x000000018ee08000 	/System/Library/Frameworks/CoreServices.framework/Versions/A/Frameworks/AE.framework/Versions/A/AE
0x00000001870be000 	/System/Library/Frameworks/CoreServices.framework/Versions/A/Frameworks/LaunchServices.framework/Versions/A/LaunchServices
0x0000000197ed0000 	/System/Library/Frameworks/CoreServices.framework/Versions/A/Frameworks/DictionaryServices.framework/Versions/A/DictionaryServices
0x0000000191381000 	/System/Library/Frameworks/CoreServices.framework/Versions/A/Frameworks/SharedFileList.framework/Versions/A/SharedFileList
0x0000000196b5a000 	/usr/lib/libapple_nghttp2.dylib
0x000000018ec0d000 	/System/Library/Frameworks/Accounts.framework/Versions/A/Accounts
0x00000001a34c5000 	/System/Library/PrivateFrameworks/AppSupport.framework/Versions/A/AppSupport
0x00000001b32ea000 	/System/Library/Frameworks/AVFoundation.framework/Versions/A/AVFoundation
0x000000019afaa000 	/System/Library/Frameworks/GSS.framework/Versions/A/GSS
0x0000000199392000 	/System/Library/PrivateFrameworks/InternationalSupport.framework/Versions/A/InternationalSupport
0x00000001a3dd7000 	/System/Library/PrivateFrameworks/StreamingZip.framework/Versions/A/StreamingZip
0x000000018d253000 	/usr/lib/libenergytrace.dylib
0x000000018ee97000 	/System/Library/Frameworks/Network.framework/Versions/A/Network
0x0000000196916000 	/usr/lib/system/libkxld.dylib
0x000000023b271000 	/System/Library/PrivateFrameworks/AppleKeyStore.framework/Versions/A/AppleKeyStore
0x000000028a63f000 	/usr/lib/libCoreEntitlements.dylib
0x00000002603b1000 	/System/Library/PrivateFrameworks/MessageSecurity.framework/Versions/A/MessageSecurity
0x00000001a0284000 	/System/Library/PrivateFrameworks/SymptomDiagnosticReporter.framework/Versions/A/SymptomDiagnosticReporter
0x0000000198115000 	/System/Library/PrivateFrameworks/CrashReporterSupport.framework/Versions/A/CrashReporterSupport
0x000000019632b000 	/System/Library/PrivateFrameworks/AppleFSCompression.framework/Versions/A/AppleFSCompression
0x0000000195bb5000 	/usr/lib/libcoretls.dylib
0x0000000197f46000 	/usr/lib/libcoretls_cfhelpers.dylib
0x0000000196c1f000 	/usr/lib/libpam.2.dylib
0x0000000197fbc000 	/usr/lib/libxar.1.dylib
0x0000000197f48000 	/System/Library/PrivateFrameworks/APFS.framework/Versions/A/APFS
0x00000002783bf000 	/System/Library/PrivateFrameworks/SwiftASN1Internal.framework/Versions/A/SwiftASN1Internal
0x0000000197fcb000 	/usr/lib/libutil.dylib
0x0000000194553000 	/System/Library/PrivateFrameworks/AppleSystemInfo.framework/Versions/A/AppleSystemInfo
0x00000001a2be3000 	/System/Library/PrivateFrameworks/CoreWiFi.framework/Versions/A/CoreWiFi
0x000000019b00d000 	/System/Library/PrivateFrameworks/MobileAsset.framework/Versions/A/MobileAsset
0x00000001a0294000 	/System/Library/PrivateFrameworks/PowerLog.framework/Versions/A/PowerLog
0x00000001a1756000 	/System/Library/PrivateFrameworks/Rapport.framework/Versions/A/Rapport
0x0000000233e1a000 	/System/Library/Frameworks/SwiftData.framework/Versions/A/SwiftData
0x000000018c8b6000 	/System/Library/Frameworks/UniformTypeIdentifiers.framework/Versions/A/UniformTypeIdentifiers
0x00000001915a1000 	/System/Library/PrivateFrameworks/UserManagement.framework/Versions/A/UserManagement
0x000000018cda9000 	/usr/lib/libboringssl.dylib
0x000000018ee7c000 	/usr/lib/libdns_services.dylib
0x00000001b341e000 	/usr/lib/libquic.dylib
0x000000019a200000 	/usr/lib/libusrtcp.dylib
0x000000023c12b000 	/System/Library/PrivateFrameworks/AtomicsInternal.framework/Versions/A/AtomicsInternal
0x000000028c083000 	/usr/lib/swift/libswiftDistributed.dylib
0x000000028c0ac000 	/usr/lib/swift/libswiftObservation.dylib
0x000000028c1e8000 	/usr/lib/swift/libswiftSynchronization.dylib
0x0000000194551000 	/System/Library/PrivateFrameworks/AggregateDictionary.framework/Versions/A/AggregateDictionary
0x000000018e61a000 	/System/Library/Frameworks/CoreData.framework/Versions/A/CoreData
0x0000000235e78000 	/System/Library/Frameworks/_LocationEssentials.framework/Versions/A/_LocationEssentials
0x0000000197f27000 	/usr/lib/liblzma.5.dylib
0x0000000195aae000 	/System/Library/PrivateFrameworks/MobileKeyBag.framework/Versions/A/MobileKeyBag
0x00000001a37d9000 	/System/Library/PrivateFrameworks/InternationalTextSearch.framework/Versions/A/InternationalTextSearch
0x00000001bbaa3000 	/System/Library/PrivateFrameworks/SoftwareUpdateCoreSupport.framework/Versions/A/SoftwareUpdateCoreSupport
0x00000001c4020000 	/System/Library/PrivateFrameworks/SoftwareUpdateCoreConnect.framework/Versions/A/SoftwareUpdateCoreConnect
0x00000001a337d000 	/System/Library/PrivateFrameworks/RemoteServiceDiscovery.framework/Versions/A/RemoteServiceDiscovery
0x00000001bb67a000 	/System/Library/PrivateFrameworks/MSUDataAccessor.framework/Versions/A/MSUDataAccessor
0x00000001b65cb000 	/usr/lib/libbootpolicy.dylib
0x00000001a3394000 	/System/Library/PrivateFrameworks/RemoteXPC.framework/Versions/A/RemoteXPC
0x00000001c3455000 	/usr/lib/libFDR.dylib
0x00000001c9430000 	/usr/lib/libamsupport.dylib
0x000000028a935000 	/usr/lib/libReverseProxyDevice.dylib
0x000000023aadf000 	/System/Library/PrivateFrameworks/AppleDeviceQuerySupport.framework/Versions/A/AppleDeviceQuerySupport
0x00000001cc5fa000 	/usr/lib/libpartition2_dynamic.dylib
0x0000000196b36000 	/System/Library/PrivateFrameworks/AppleSauce.framework/Versions/A/AppleSauce
0x000000028a4ea000 	/usr/lib/libAppleArchive.dylib
0x0000000196337000 	/usr/lib/libbz2.1.0.dylib
0x00000001907ea000 	/System/Library/Frameworks/Accelerate.framework/Versions/A/Frameworks/vImage.framework/Versions/A/vImage
0x000000019f0d9000 	/System/Library/Frameworks/Accelerate.framework/Versions/A/Frameworks/vecLib.framework/Versions/A/vecLib
0x0000000198002000 	/System/Library/Frameworks/Accelerate.framework/Versions/A/Frameworks/vecLib.framework/Versions/A/libvMisc.dylib
0x00000001875c2000 	/System/Library/Frameworks/Accelerate.framework/Versions/A/Frameworks/vecLib.framework/Versions/A/libBLAS.dylib
0x000000022c86d000 	/System/Library/Frameworks/OpenGL.framework/Versions/A/OpenGL
0x000000024ecf0000 	/System/Library/PrivateFrameworks/GPUCompiler.framework/Versions/32023/Libraries/libllvm-flatbuffers.dylib
0x000000024974f000 	/System/Library/PrivateFrameworks/FramePacing.framework/Versions/A/FramePacing
0x000000022c85f000 	/System/Library/Frameworks/OpenGL.framework/Versions/A/Libraries/libCoreFSCache.dylib
0x000000024a87d000 	/System/Library/PrivateFrameworks/GPUCompiler.framework/Versions/32023/Libraries/libGPUCompilerUtils.dylib
0x000000022c8be000 	/System/Library/Frameworks/OpenGL.framework/Versions/A/Libraries/libGLU.dylib
0x000000022c881000 	/System/Library/Frameworks/OpenGL.framework/Versions/A/Libraries/libGFXShared.dylib
0x000000022ca4e000 	/System/Library/Frameworks/OpenGL.framework/Versions/A/Libraries/libGL.dylib
0x000000022c88a000 	/System/Library/Frameworks/OpenGL.framework/Versions/A/Libraries/libGLImage.dylib
0x000000022c87e000 	/System/Library/Frameworks/OpenGL.framework/Versions/A/Libraries/libCVMSPluginSupport.dylib
0x000000022c867000 	/System/Library/Frameworks/OpenGL.framework/Versions/A/Libraries/libCoreVMClient.dylib
0x000000019570a000 	/System/Library/Frameworks/Accelerate.framework/Versions/A/Frameworks/vecLib.framework/Versions/A/libvDSP.dylib
0x0000000196cff000 	/System/Library/Frameworks/Accelerate.framework/Versions/A/Frameworks/vecLib.framework/Versions/A/libLAPACK.dylib
0x0000000195c41000 	/System/Library/Frameworks/Accelerate.framework/Versions/A/Frameworks/vecLib.framework/Versions/A/libLinearAlgebra.dylib
0x0000000196b73000 	/System/Library/Frameworks/Accelerate.framework/Versions/A/Frameworks/vecLib.framework/Versions/A/libSparseBLAS.dylib
0x0000000196cfa000 	/System/Library/Frameworks/Accelerate.framework/Versions/A/Frameworks/vecLib.framework/Versions/A/libQuadrature.dylib
0x0000000194681000 	/System/Library/Frameworks/Accelerate.framework/Versions/A/Frameworks/vecLib.framework/Versions/A/libBNNS.dylib
0x0000000187ecd000 	/System/Library/Frameworks/Accelerate.framework/Versions/A/Frameworks/vecLib.framework/Versions/A/libSparse.dylib
0x000000025b150000 	/System/Library/PrivateFrameworks/MIL.framework/Versions/A/MIL
0x00000001c6478000 	/System/Library/PrivateFrameworks/OSAnalytics.framework/Versions/A/OSAnalytics
0x00000002473b5000 	/System/Library/PrivateFrameworks/DeviceRecovery.framework/Versions/A/DeviceRecovery
0x00000001a15ef000 	/System/Library/PrivateFrameworks/CoreSymbolication.framework/Versions/A/CoreSymbolication
0x00000001d5e36000 	/System/Library/PrivateFrameworks/Symbolication.framework/Versions/A/Symbolication
0x00000001a15cd000 	/System/Library/PrivateFrameworks/DebugSymbols.framework/Versions/A/DebugSymbols
0x00000001b4487000 	/System/Library/PrivateFrameworks/MallocStackLogging.framework/Versions/A/MallocStackLogging
0x000000028c2c0000 	/usr/lib/swift/libswift_RegexParser.dylib
0x000000019ce64000 	/System/Library/PrivateFrameworks/GeoServices.framework/Versions/A/GeoServices
0x000000019a88b000 	/System/Library/PrivateFrameworks/LocationSupport.framework/Versions/A/LocationSupport
0x00000001a0179000 	/System/Library/Frameworks/CoreBluetooth.framework/Versions/A/CoreBluetooth
0x00000002528aa000 	/System/Library/PrivateFrameworks/GeoServicesCore.framework/Versions/A/GeoServicesCore
0x00000001ad0ae000 	/System/Library/PrivateFrameworks/PhoneNumbers.framework/Versions/A/PhoneNumbers
0x000000019b184000 	/System/Library/PrivateFrameworks/CorePhoneNumbers.framework/Versions/A/CorePhoneNumbers
0x00000001969b4000 	/usr/lib/libiconv.2.dylib
0x0000000196911000 	/usr/lib/libcharset.1.dylib
0x000000022e8ea000 	/System/Library/Frameworks/ExtensionFoundation.framework/Versions/A/ExtensionFoundation
0x00000001985f0000 	/System/Library/PrivateFrameworks/AppServerSupport.framework/Versions/A/AppServerSupport
0x0000000265423000 	/System/Library/PrivateFrameworks/OSEligibility.framework/Versions/A/OSEligibility
0x00000001983f2000 	/System/Library/PrivateFrameworks/IconServices.framework/Versions/A/IconServices
0x000000022fcd1000 	/System/Library/Frameworks/LightweightCodeRequirements.framework/Versions/A/LightweightCodeRequirements
0x000000019826c000 	/System/Library/PrivateFrameworks/PlugInKit.framework/Versions/A/PlugInKit
0x0000000195ac6000 	/System/Library/PrivateFrameworks/AssertionServices.framework/Versions/A/AssertionServices
0x0000000198993000 	/System/Library/PrivateFrameworks/AppleJPEG.framework/Versions/A/AppleJPEG
0x000000019836c000 	/usr/lib/libexpat.1.dylib
0x000000019915e000 	/System/Library/Frameworks/ImageIO.framework/Versions/A/Resources/libPng.dylib
0x0000000199189000 	/System/Library/Frameworks/ImageIO.framework/Versions/A/Resources/libTIFF.dylib
0x0000000199271000 	/System/Library/Frameworks/ImageIO.framework/Versions/A/Resources/libGIF.dylib
0x00000001989d8000 	/System/Library/Frameworks/ImageIO.framework/Versions/A/Resources/libJP2.dylib
0x000000019807c000 	/usr/lib/libate.dylib
0x0000000199218000 	/System/Library/Frameworks/ImageIO.framework/Versions/A/Resources/libJPEG.dylib
0x000000019920f000 	/System/Library/Frameworks/ImageIO.framework/Versions/A/Resources/libRadiance.dylib
0x000000028c2be000 	/usr/lib/swift/libswift_DarwinFoundation2.dylib
0x000000028c2bf000 	/usr/lib/swift/libswift_DarwinFoundation3.dylib
0x0000000198391000 	/System/Library/PrivateFrameworks/IconFoundation.framework/Versions/A/IconFoundation
0x0000000255c2c000 	/System/Library/PrivateFrameworks/IconRendering.framework/Versions/A/IconRendering
0x0000000191076000 	/System/Library/PrivateFrameworks/CoreUI.framework/Versions/A/CoreUI
0x0000000193fa0000 	/System/Library/Frameworks/CoreImage.framework/Versions/A/CoreImage
0x000000026ce1e000 	/System/Library/PrivateFrameworks/SFSymbols.framework/Versions/A/SFSymbols
0x000000022e7a0000 	/System/Library/Frameworks/DeveloperToolsSupport.framework/Versions/A/DeveloperToolsSupport
0x00000001ab476000 	/System/Library/PrivateFrameworks/RenderBox.framework/Versions/A/RenderBox
0x0000000193c21000 	/System/Library/PrivateFrameworks/CoreSVG.framework/Versions/A/CoreSVG
0x00000001992fb000 	/System/Library/PrivateFrameworks/TextureIO.framework/Versions/A/TextureIO
0x00000001b4598000 	/usr/lib/swift/libswiftCoreImage.dylib
0x00000001985a0000 	/System/Library/PrivateFrameworks/GraphVisualizer.framework/Versions/A/GraphVisualizer
0x000000024965a000 	/System/Library/PrivateFrameworks/FontServices.framework/Versions/A/FontServices
0x00000001985b0000 	/System/Library/PrivateFrameworks/OTSVG.framework/Versions/A/OTSVG
0x0000000191025000 	/System/Library/Frameworks/ApplicationServices.framework/Versions/A/Frameworks/ATS.framework/Versions/A/Resources/libFontRegistry.dylib
0x000000028b40f000 	/usr/lib/libhvf.dylib
0x00000002660b0000 	/System/Library/PrivateFrameworks/ParsingInternal.framework/Versions/A/ParsingInternal
0x000000024965e000 	/System/Library/PrivateFrameworks/FontServices.framework/libXTFontStaticRegistryData.dylib
0x000000019448b000 	/System/Library/Frameworks/MetalPerformanceShaders.framework/Versions/A/Frameworks/MPSCore.framework/Versions/A/MPSCore
0x0000000196296000 	/System/Library/Frameworks/MetalPerformanceShaders.framework/Versions/A/Frameworks/MPSImage.framework/Versions/A/MPSImage
0x0000000195c55000 	/System/Library/Frameworks/MetalPerformanceShaders.framework/Versions/A/Frameworks/MPSNeuralNetwork.framework/Versions/A/MPSNeuralNetwork
0x0000000196094000 	/System/Library/Frameworks/MetalPerformanceShaders.framework/Versions/A/Frameworks/MPSMatrix.framework/Versions/A/MPSMatrix
0x0000000195eac000 	/System/Library/Frameworks/MetalPerformanceShaders.framework/Versions/A/Frameworks/MPSRayIntersector.framework/Versions/A/MPSRayIntersector
0x00000001960c6000 	/System/Library/Frameworks/MetalPerformanceShaders.framework/Versions/A/Frameworks/MPSNDArray.framework/Versions/A/MPSNDArray
0x0000000230b56000 	/System/Library/Frameworks/MetalPerformanceShaders.framework/Versions/A/Frameworks/MPSFunctions.framework/Versions/A/MPSFunctions
0x0000000230b37000 	/System/Library/Frameworks/MetalPerformanceShaders.framework/Versions/A/Frameworks/MPSBenchmarkLoop.framework/Versions/A/MPSBenchmarkLoop
0x0000000230b6a000 	/System/Library/Frameworks/MetalPerformanceShaders.framework/Versions/A/Frameworks/MPSHost.framework/Versions/A/MPSHost
0x00000001873d9000 	/System/Library/PrivateFrameworks/MetalTools.framework/Versions/A/MetalTools
0x00000001b97b9000 	/System/Library/PrivateFrameworks/IOAccelMemoryInfo.framework/Versions/A/IOAccelMemoryInfo
0x00000001c7d27000 	/System/Library/PrivateFrameworks/kperf.framework/Versions/A/kperf
0x00000001b4514000 	/System/Library/PrivateFrameworks/GPURawCounter.framework/Versions/A/GPURawCounter
0x00000001a4f45000 	/System/Library/PrivateFrameworks/ASEProcessing.framework/Versions/A/ASEProcessing
0x0000000269561000 	/System/Library/PrivateFrameworks/PhotosensitivityProcessing.framework/Versions/A/PhotosensitivityProcessing
0x000000026cea4000 	/System/Library/PrivateFrameworks/SILManager.framework/Versions/A/SILManager
0x000000027bafd000 	/System/Library/PrivateFrameworks/Tightbeam.framework/Versions/A/Tightbeam
0x00000001c251c000 	/usr/lib/swift/libswiftCompression.dylib
0x00000001ccb69000 	/System/Library/PrivateFrameworks/AFKUser.framework/Versions/A/AFKUser
0x0000000199243000 	/System/Library/Frameworks/ApplicationServices.framework/Versions/A/Frameworks/ATSUI.framework/Versions/A/ATSUI
0x000000019a91b000 	/System/Library/Frameworks/AudioToolbox.framework/Versions/A/AudioToolbox
0x0000000196708000 	/System/Library/Frameworks/UserNotifications.framework/Versions/A/UserNotifications
0x00000001b9f50000 	/System/Library/PrivateFrameworks/SiriInstrumentation.framework/Versions/A/SiriInstrumentation
0x000000026f334000 	/System/Library/PrivateFrameworks/SiriAnalytics.framework/Versions/A/SiriAnalytics
0x00000001b76af000 	/System/Library/PrivateFrameworks/FeedbackLogger.framework/Versions/A/FeedbackLogger
0x00000001d1fb9000 	/usr/lib/swift/libswiftAVFoundation.dylib
0x000000027e326000 	/System/Library/PrivateFrameworks/UnifiedAssetFramework.framework/Versions/A/UnifiedAssetFramework
0x0000000189683000 	/System/Library/PrivateFrameworks/AudioToolboxCore.framework/Versions/A/AudioToolboxCore
0x000000019aaf1000 	/System/Library/PrivateFrameworks/AudioSession.framework/Versions/A/AudioSession
0x00000001a61c9000 	/System/Library/Frameworks/CoreMIDI.framework/Versions/A/CoreMIDI
0x000000019ab72000 	/usr/lib/libAudioStatistics.dylib
0x000000019346e000 	/System/Library/PrivateFrameworks/caulk.framework/Versions/A/caulk
0x0000000189c70000 	/System/Library/Frameworks/CoreAudio.framework/Versions/A/CoreAudio
0x0000000199138000 	/usr/lib/libAudioToolboxUtility.dylib
0x00000001bae89000 	/usr/lib/swift/libswiftCoreMIDI.dylib
0x000000019af7c000 	/System/Library/PrivateFrameworks/perfdata.framework/Versions/A/perfdata
0x00000001b3513000 	/System/Library/PrivateFrameworks/SystemPolicy.framework/Versions/A/SystemPolicy
0x000000019ae20000 	/usr/lib/libSMC.dylib
0x000000019af8a000 	/usr/lib/libperfcheck.dylib
0x000000023c1fa000 	/System/Library/PrivateFrameworks/AudioAnalytics.framework/Versions/A/AudioAnalytics
0x00000001da4ca000 	/System/Library/Frameworks/OSLog.framework/Versions/A/OSLog
0x00000001b44b9000 	/usr/lib/libmis.dylib
0x00000001a174b000 	/System/Library/PrivateFrameworks/CoreTime.framework/Versions/A/CoreTime
0x00000001984b1000 	/System/Library/PrivateFrameworks/MediaExperience.framework/Versions/A/MediaExperience
0x000000019a8c5000 	/System/Library/PrivateFrameworks/AudioSession.framework/libSessionUtility.dylib
0x0000000199277000 	/System/Library/PrivateFrameworks/CMCaptureCore.framework/Versions/A/CMCaptureCore
0x00000001985fd000 	/usr/lib/libspindump.dylib
0x0000000195939000 	/System/Library/PrivateFrameworks/CoreUtils.framework/Versions/A/CoreUtils
0x00000001ac1aa000 	/System/Library/PrivateFrameworks/HID.framework/Versions/A/HID
0x00000002462a6000 	/System/Library/PrivateFrameworks/CoreUtilsExtras.framework/Versions/A/CoreUtilsExtras
0x0000000255b81000 	/System/Library/PrivateFrameworks/IO80211.framework/Versions/A/IO80211
0x000000019cabc000 	/System/Library/Frameworks/IOBluetooth.framework/Versions/A/IOBluetooth
0x000000028c0cb000 	/usr/lib/swift/libswiftRegexBuilder.dylib
0x000000019810c000 	/usr/lib/libIOReport.dylib
0x00000001e2a6e000 	/System/Library/PrivateFrameworks/WiFiPeerToPeer.framework/Versions/A/WiFiPeerToPeer
0x0000000195ad5000 	/System/Library/Frameworks/SecurityFoundation.framework/Versions/A/SecurityFoundation
0x000000023e900000 	/System/Library/PrivateFrameworks/Centauri.framework/Versions/A/Centauri
0x0000000187dbd000 	/System/Library/PrivateFrameworks/Lexicon.framework/Versions/A/Lexicon
0x000000028b85f000 	/usr/lib/libmrc.dylib
0x0000000255bec000 	/System/Library/PrivateFrameworks/IPConfiguration.framework/Versions/A/IPConfiguration
0x00000001d660d000 	/System/Library/PrivateFrameworks/Netrb.framework/Versions/A/Netrb
0x00000001a10fc000 	/System/Library/PrivateFrameworks/FrontBoardServices.framework/Versions/A/FrontBoardServices
0x0000000195c3e000 	/usr/lib/libgermantok.dylib
0x000000019467a000 	/System/Library/PrivateFrameworks/LinguisticData.framework/Versions/A/LinguisticData
0x00000001a12a3000 	/System/Library/PrivateFrameworks/GraphicsServices.framework/Versions/A/GraphicsServices
0x00000001a0382000 	/System/Library/PrivateFrameworks/MediaKit.framework/Versions/A/MediaKit
0x00000001a02d0000 	/System/Library/Frameworks/DiscRecording.framework/Versions/A/DiscRecording
0x0000000198387000 	/usr/lib/libheimdal-asn1.dylib
0x00000001a3dad000 	/System/Library/Frameworks/AudioUnit.framework/Versions/A/AudioUnit
0x000000019133c000 	/System/Library/Frameworks/OpenDirectory.framework/Versions/A/OpenDirectory
0x000000019134a000 	/System/Library/Frameworks/OpenDirectory.framework/Versions/A/Frameworks/CFOpenDirectory.framework/Versions/A/CFOpenDirectory
0x000000022cdda000 	/System/Library/Frameworks/AVFAudio.framework/Versions/A/AVFAudio
0x000000022cf1e000 	/System/Library/Frameworks/AVRouting.framework/Versions/A/AVRouting
0x00000001ad1c6000 	/usr/lib/libAccessibility.dylib
0x0000000259a1c000 	/System/Library/PrivateFrameworks/IsolatedCoreAudioClient.framework/Versions/A/IsolatedCoreAudioClient
0x000000024209a000 	/System/Library/PrivateFrameworks/CoreAudioOrchestration.framework/Versions/A/CoreAudioOrchestration
0x000000019975f000 	/System/Library/Frameworks/MediaToolbox.framework/Versions/A/MediaToolbox
0x00000001a04a8000 	/System/Library/PrivateFrameworks/CoreAVCHD.framework/Versions/A/CoreAVCHD
0x000000019f3cc000 	/System/Library/Frameworks/MediaAccessibility.framework/Versions/A/MediaAccessibility
0x00000001a04a4000 	/System/Library/PrivateFrameworks/Mangrove.framework/Versions/A/Mangrove
0x000000023df3c000 	/System/Library/PrivateFrameworks/CMPhoto.framework/Versions/A/CMPhoto
0x00000001a0c71000 	/System/Library/Frameworks/CoreTelephony.framework/Versions/A/CoreTelephony
0x00000001a0497000 	/System/Library/PrivateFrameworks/CoreAUC.framework/Versions/A/CoreAUC
0x000000023b0a2000 	/System/Library/PrivateFrameworks/AppleJPEGXL.framework/Versions/A/AppleJPEGXL
0x0000000280275000 	/System/Library/PrivateFrameworks/VideoToolboxParavirtualizationSupport.framework/Versions/A/VideoToolboxParavirtualizationSupport
0x0000000198323000 	/System/Library/PrivateFrameworks/AppleVA.framework/Versions/A/AppleVA
0x000000019b194000 	/usr/lib/libTelephonyUtilDynamic.dylib
0x000000019920a000 	/System/Library/PrivateFrameworks/GPUWrangler.framework/Versions/A/GPUWrangler
0x00000001991ea000 	/System/Library/PrivateFrameworks/IOPresentment.framework/Versions/A/IOPresentment
0x0000000199212000 	/System/Library/PrivateFrameworks/DSExternalDisplay.framework/Versions/A/DSExternalDisplay
0x00000001dd5eb000 	/System/Library/Frameworks/CryptoKit.framework/Versions/A/CryptoKit
0x00000001a3da8000 	/System/Library/PrivateFrameworks/CryptoKitCBridging.framework/Versions/A/CryptoKitCBridging
0x00000001a12b5000 	/System/Library/Frameworks/CryptoTokenKit.framework/Versions/A/CryptoTokenKit
0x0000000246e25000 	/System/Library/PrivateFrameworks/Dendrite.framework/Versions/A/Dendrite
0x00000001b40b8000 	/System/Library/Frameworks/NaturalLanguage.framework/Versions/A/NaturalLanguage
0x00000002525ad000 	/System/Library/PrivateFrameworks/GenerativeModels.framework/Versions/A/GenerativeModels
0x00000001e29f5000 	/usr/lib/swift/libswiftNaturalLanguage.dylib
0x000000023bc19000 	/System/Library/PrivateFrameworks/AppleMobileFileIntegrity.framework/Versions/A/AppleMobileFileIntegrity
0x000000028a9ad000 	/usr/lib/libTLE.dylib
0x00000001ec13d000 	/System/Library/PrivateFrameworks/ConfigProfileHelper.framework/Versions/A/ConfigProfileHelper
0x00000001a3f37000 	/System/Library/PrivateFrameworks/Espresso.framework/Versions/A/Espresso
0x0000000191acc000 	/System/Library/Frameworks/CoreML.framework/Versions/A/CoreML
0x00000001e08a1000 	/usr/lib/libedit.3.dylib
0x0000000229be8000 	/System/Library/PrivateFrameworks/ANECompiler.framework/Versions/A/ANECompiler
0x00000001a600d000 	/System/Library/PrivateFrameworks/AppleNeuralEngine.framework/Versions/A/AppleNeuralEngine
0x0000000230b70000 	/System/Library/Frameworks/MetalPerformanceShadersGraph.framework/Versions/A/MetalPerformanceShadersGraph
0x000000025b8bf000 	/System/Library/PrivateFrameworks/MLCompilerServices.framework/Versions/A/MLCompilerServices
0x00000001a4d89000 	/System/Library/PrivateFrameworks/ANEServices.framework/Versions/A/ANEServices
0x00000001b977c000 	/usr/lib/libncurses.5.4.dylib
0x000000018af7a000 	/usr/lib/libsandbox.1.dylib
0x00000001982ad000 	/usr/lib/libMatch.1.dylib
0x00000002651a5000 	/System/Library/PrivateFrameworks/ODIE.framework/Versions/A/ODIE
0x000000025e54c000 	/System/Library/PrivateFrameworks/MLModelAsset.framework/Versions/A/MLModelAsset
0x000000025b865000 	/System/Library/PrivateFrameworks/MLCompilerRuntime.framework/Versions/A/MLCompilerRuntime
0x0000000195f01000 	/System/Library/Frameworks/MLCompute.framework/Versions/A/MLCompute
0x000000025b7e7000 	/System/Library/PrivateFrameworks/MLAssetIO.framework/Versions/A/MLAssetIO
0x000000028c09d000 	/usr/lib/swift/libswiftMLCompute.dylib
0x00000001a0e8c000 	/System/Library/PrivateFrameworks/AVFCore.framework/Versions/A/AVFCore
0x00000001aaac7000 	/System/Library/PrivateFrameworks/AVFCapture.framework/Versions/A/AVFCapture
0x000000023dd33000 	/System/Library/PrivateFrameworks/CMImaging.framework/Versions/A/CMImaging
0x00000001aad09000 	/System/Library/PrivateFrameworks/Quagga.framework/Versions/A/Quagga
0x00000001aae3a000 	/System/Library/PrivateFrameworks/CMCapture.framework/Versions/A/CMCapture
0x000000019ad1d000 	/System/Library/Frameworks/CoreMediaIO.framework/Versions/A/CoreMediaIO
0x000000023dc6e000 	/System/Library/PrivateFrameworks/CMCaptureDevice.framework/Versions/A/CMCaptureDevice
0x00000001986e9000 	/System/Library/PrivateFrameworks/CoreBrightness.framework/Versions/A/CoreBrightness
0x000000023edf7000 	/System/Library/PrivateFrameworks/CinematicFraming.framework/Versions/A/CinematicFraming
0x0000000261689000 	/System/Library/PrivateFrameworks/ModelManagerServices.framework/Versions/A/ModelManagerServices
0x00000001cf021000 	/System/Library/PrivateFrameworks/CPMS.framework/Versions/A/CPMS
0x000000027922d000 	/System/Library/PrivateFrameworks/SystemStatus.framework/Versions/A/SystemStatus
0x00000001b2ee8000 	/System/Library/Frameworks/CoreMotion.framework/Versions/A/CoreMotion
0x00000001c3500000 	/System/Library/PrivateFrameworks/TimeSync.framework/Versions/A/TimeSync
0x00000002477ed000 	/System/Library/PrivateFrameworks/DistributedSensing.framework/Versions/A/DistributedSensing
0x00000001be8df000 	/System/Library/PrivateFrameworks/MobileBluetooth.framework/Versions/A/MobileBluetooth
0x00000001c51c4000 	/System/Library/PrivateFrameworks/IOKitten.framework/Versions/A/IOKitten
0x000000025b032000 	/System/Library/PrivateFrameworks/LocationLogEncryption.framework/Versions/A/LocationLogEncryption
0x000000023af1c000 	/System/Library/PrivateFrameworks/AppleIntelligenceReporting.framework/Versions/A/AppleIntelligenceReporting
0x000000023e84c000 	/System/Library/PrivateFrameworks/CascadeSets.framework/Versions/A/CascadeSets
0x0000000195848000 	/System/Library/PrivateFrameworks/CoreEmoji.framework/Versions/A/CoreEmoji
0x00000001880d1000 	/usr/lib/libCRFSuite.dylib
0x00000001893b2000 	/System/Library/PrivateFrameworks/LanguageModeling.framework/Versions/A/LanguageModeling
0x000000019455a000 	/System/Library/PrivateFrameworks/CoreNLP.framework/Versions/A/CoreNLP
0x000000018e32f000 	/System/Library/PrivateFrameworks/Montreal.framework/Versions/A/Montreal
0x00000001969bc000 	/usr/lib/libcmph.dylib
0x0000000195bdf000 	/usr/lib/libmecab.dylib
0x0000000196b2d000 	/usr/lib/libThaiTokenizer.dylib
0x000000025268f000 	/System/Library/PrivateFrameworks/GenerativeModelsFoundation.framework/Versions/A/GenerativeModelsFoundation
0x000000027c002000 	/System/Library/PrivateFrameworks/TokenGeneration.framework/Versions/A/TokenGeneration
0x0000000252463000 	/System/Library/PrivateFrameworks/GenerativeFunctions.framework/Versions/A/GenerativeFunctions
0x00000002524b1000 	/System/Library/PrivateFrameworks/GenerativeFunctionsFoundation.framework/Versions/A/GenerativeFunctionsFoundation
0x000000026134a000 	/System/Library/PrivateFrameworks/ModelCatalog.framework/Versions/A/ModelCatalog
0x000000026e54e000 	/System/Library/PrivateFrameworks/SensitiveContentAnalysisML.framework/Versions/A/SensitiveContentAnalysisML
0x0000000252547000 	/System/Library/PrivateFrameworks/GenerativeFunctionsInstrumentation.framework/Versions/A/GenerativeFunctionsInstrumentation
0x000000026b377000 	/System/Library/PrivateFrameworks/PromptKit.framework/Versions/A/PromptKit
0x000000026ad8d000 	/System/Library/PrivateFrameworks/ProactiveDaemonSupport.framework/Versions/A/ProactiveDaemonSupport
0x000000027c23a000 	/System/Library/PrivateFrameworks/TokenGenerationCore.framework/Versions/A/TokenGenerationCore
0x00000001b4f87000 	/System/Library/PrivateFrameworks/Trial.framework/Versions/A/Trial
0x00000001b4f08000 	/System/Library/PrivateFrameworks/TrialProto.framework/Versions/A/TrialProto
0x000000023ab46000 	/System/Library/PrivateFrameworks/AppleFlatBuffers.framework/Versions/A/AppleFlatBuffers
0x000000026e81e000 	/System/Library/PrivateFrameworks/SentencePieceInternal.framework/Versions/A/SentencePieceInternal
0x000000019f426000 	/System/Library/Frameworks/Vision.framework/Versions/A/Vision
0x0000000245f44000 	/System/Library/PrivateFrameworks/CoreSceneUnderstanding.framework/Versions/A/CoreSceneUnderstanding
0x0000000280e8b000 	/System/Library/PrivateFrameworks/VisionCore.framework/Versions/A/VisionCore
0x000000019969c000 	/System/Library/PrivateFrameworks/DataDetectorsCore.framework/Versions/A/DataDetectorsCore
0x00000001bd86d000 	/System/Library/Frameworks/Vision.framework/libfaceCore.dylib
0x00000001be387000 	/System/Library/PrivateFrameworks/Futhark.framework/Versions/A/Futhark
0x00000001c22d5000 	/System/Library/PrivateFrameworks/InertiaCam.framework/Versions/A/InertiaCam
0x00000001be114000 	/System/Library/PrivateFrameworks/TextRecognition.framework/Versions/A/TextRecognition
0x000000022e789000 	/System/Library/Frameworks/DataDetection.framework/Versions/A/DataDetection
0x00000001b8320000 	/System/Library/PrivateFrameworks/TextInput.framework/Versions/A/TextInput
0x000000019814a000 	/System/Library/PrivateFrameworks/CVNLP.framework/Versions/A/CVNLP
0x000000022e26e000 	/System/Library/Frameworks/CoreTransferable.framework/Versions/A/CoreTransferable
0x000000019af60000 	/System/Library/PrivateFrameworks/NetAuth.framework/Versions/A/NetAuth
0x0000000191560000 	/System/Library/PrivateFrameworks/login.framework/Versions/A/Frameworks/loginsupport.framework/Versions/A/loginsupport
0x000000018c6fd000 	/System/Library/PrivateFrameworks/UIFoundation.framework/Versions/A/UIFoundation
0x0000000198604000 	/System/Library/PrivateFrameworks/Heimdal.framework/Versions/A/Heimdal
0x000000019ac08000 	/usr/lib/libresolv.9.dylib
0x000000019affc000 	/System/Library/PrivateFrameworks/CommonAuth.framework/Versions/A/CommonAuth
0x0000000195ba9000 	/usr/lib/libCheckFix.dylib
0x00000001906e7000 	/System/Library/PrivateFrameworks/MetadataUtilities.framework/Versions/A/MetadataUtilities
0x0000000256673000 	/System/Library/PrivateFrameworks/InstalledContentLibrary.framework/Versions/A/InstalledContentLibrary
0x000000018ae3e000 	/System/Library/PrivateFrameworks/CoreServicesStore.framework/Versions/A/CoreServicesStore
0x00000001913ab000 	/usr/lib/libapp_launch_measurement.dylib
0x00000001c7e3e000 	/System/Library/PrivateFrameworks/MobileSystemServices.framework/Versions/A/MobileSystemServices
0x0000000197fcf000 	/usr/lib/libxslt.1.dylib
0x0000000195b68000 	/System/Library/PrivateFrameworks/BackgroundTaskManagement.framework/Versions/A/BackgroundTaskManagement
0x00000001a343e000 	/usr/lib/libcurl.4.dylib
0x000000028b1c3000 	/usr/lib/libcrypto.46.dylib
0x000000028bd46000 	/usr/lib/libssl.48.dylib
0x00000001a3118000 	/System/Library/Frameworks/LDAP.framework/Versions/A/LDAP
0x000000019af98000 	/System/Library/Frameworks/Kerberos.framework/Versions/A/Kerberos
0x00000001a3154000 	/System/Library/PrivateFrameworks/TrustEvaluationAgent.framework/Versions/A/TrustEvaluationAgent
0x000000019ac25000 	/usr/lib/libsasl2.2.dylib
0x00000001a3dac000 	/System/Library/Frameworks/Kerberos.framework/Versions/A/Libraries/libHeimdalProxy.dylib
0x0000000269976000 	/System/Library/PrivateFrameworks/PoirotSQLite.framework/Versions/A/PoirotSQLite
0x00000001da9b5000 	/System/Library/PrivateFrameworks/HIDDisplay.framework/Versions/A/HIDDisplay
0x000000019af01000 	/usr/lib/libcups.2.dylib
0x00000001ad0ba000 	/System/Library/PrivateFrameworks/AXCoreUtilities.framework/Versions/A/AXCoreUtilities
0x00000001bd6b6000 	/System/Library/PrivateFrameworks/AttributeGraph.framework/Versions/A/AttributeGraph
0x000000028a4ad000 	/usr/lib/libAXSafeCategoryBundle.dylib
0x0000000234efe000 	/System/Library/Frameworks/TabularData.framework/Versions/A/TabularData
0x000000023bdc9000 	/System/Library/PrivateFrameworks/ArgumentParserInternal.framework/Versions/A/ArgumentParserInternal
0x00000001a63bc000 	/System/Library/Frameworks/Cocoa.framework/Versions/A/Cocoa
0x000000018afd9000 	/System/Library/Frameworks/AppKit.framework/Versions/C/AppKit
0x000000023fc7a000 	/System/Library/PrivateFrameworks/CollectionViewCore.framework/Versions/A/CollectionViewCore
0x0000000193c1b000 	/System/Library/PrivateFrameworks/XCTTargetBootstrap.framework/Versions/A/XCTTargetBootstrap
0x00000001996ee000 	/System/Library/PrivateFrameworks/UserActivity.framework/Versions/A/UserActivity
0x000000024975c000 	/System/Library/PrivateFrameworks/FrontBoard.framework/Versions/A/FrontBoard
0x000000027dc4b000 	/System/Library/PrivateFrameworks/UIIntelligenceSupport.framework/Versions/A/UIIntelligenceSupport
0x0000000233f87000 	/System/Library/Frameworks/SwiftUICore.framework/Versions/A/SwiftUICore
0x00000002847f7000 	/System/Library/PrivateFrameworks/WritingTools.framework/Versions/A/WritingTools
0x00000002835ee000 	/System/Library/PrivateFrameworks/WindowManagement.framework/Versions/A/WindowManagement
0x000000024948c000 	/System/Library/PrivateFrameworks/FocusEngine.framework/Versions/A/FocusEngine
0x0000000246e95000 	/System/Library/PrivateFrameworks/DesignLibrary.framework/Versions/A/DesignLibrary
0x0000000193c06000 	/System/Library/PrivateFrameworks/DFRFoundation.framework/Versions/A/DFRFoundation
0x000000027eb98000 	/System/Library/PrivateFrameworks/UpdateCycle.framework/Versions/A/UpdateCycle
0x000000019390a000 	/System/Library/Frameworks/Carbon.framework/Versions/A/Frameworks/HIToolbox.framework/Versions/A/HIToolbox
0x000000019ecec000 	/System/Library/Frameworks/Carbon.framework/Versions/A/Frameworks/SpeechRecognition.framework/Versions/A/SpeechRecognition
0x0000000191332000 	/System/Library/PrivateFrameworks/PerformanceAnalysis.framework/Versions/A/PerformanceAnalysis
0x000000019f07c000 	/System/Library/Frameworks/Accessibility.framework/Versions/A/Accessibility
0x0000000234ee4000 	/System/Library/Frameworks/Symbols.framework/Versions/A/Symbols
0x0000000252a58000 	/System/Library/PrivateFrameworks/Gestures.framework/Versions/A/Gestures
0x000000028c16e000 	/usr/lib/swift/libswiftSpatial.dylib
0x00000001b12fa000 	/usr/lib/swift/libswiftCoreGraphics.dylib
0x000000019fac0000 	/usr/lib/swift/libswiftFoundation.dylib
0x00000001ebade000 	/usr/lib/swift/libswiftSwiftOnoneSupport.dylib
0x000000028c3f4000 	/usr/lib/swift/libswiftsys_time.dylib
0x00000001d664b000 	/System/Library/PrivateFrameworks/CoreMaterial.framework/Versions/A/CoreMaterial
0x000000028a9aa000 	/usr/lib/libSpatial.dylib
0x000000028a3ca000 	/System/Library/SubFrameworks/UIUtilities.framework/Versions/A/UIUtilities
0x000000010677c000 	/Users/miku/Library/Java/JavaVirtualMachines/openjdk-26.0.2.1/Contents/Home/lib/server/libjvm.dylib
0x0000000100cac000 	/Users/miku/Library/Java/JavaVirtualMachines/openjdk-26.0.2.1/Contents/Home/lib/libjimage.dylib
0x00000001010ec000 	/Users/miku/Library/Java/JavaVirtualMachines/openjdk-26.0.2.1/Contents/Home/lib/libjava.dylib
0x00000001064a4000 	/Users/miku/Library/Java/JavaVirtualMachines/openjdk-26.0.2.1/Contents/Home/lib/libnio.dylib
0x00000001064c4000 	/Users/miku/Library/Java/JavaVirtualMachines/openjdk-26.0.2.1/Contents/Home/lib/libnet.dylib
0x00000001064dc000 	/Users/miku/Library/Java/JavaVirtualMachines/openjdk-26.0.2.1/Contents/Home/lib/libzip.dylib
0x00000001064fc000 	/Users/miku/Library/Java/JavaVirtualMachines/openjdk-26.0.2.1/Contents/Home/lib/libextnet.dylib
0x0000000106510000 	/Users/miku/Library/Java/JavaVirtualMachines/openjdk-26.0.2.1/Contents/Home/lib/libverify.dylib
0x0000000106638000 	/private/var/folders/1r/__0s65l907q49qkg3rzkr0780000gn/T/nativelib-loader_17058178145629442797/libtag.dylib

JVMTI agents: none


VM Arguments:
jvm_args: -Dorg.gradle.internal.worker.tmpdir=/Users/miku/Code/LMusic-KMP/lmedia/lmedia-core/build/tmp/jvmTest/work -Xmx512m -Dfile.encoding=UTF-8 -Duser.country=CN -Duser.language=zh -Duser.variant -ea 
java_command: worker.org.gradle.process.internal.worker.GradleWorkerMain 'Gradle Test Executor 1'
java_class_path (initial): /Users/miku/.gradle/caches/9.1.0/workerMain/gradle-worker.jar:/Users/miku/Code/LMusic-KMP/lmedia/lmedia-core/build/classes/kotlin/jvm/test:/Users/miku/Code/LMusic-KMP/lmedia/lmedia-core/build/processedResources/jvm/test:/Users/miku/Code/LMusic-KMP/lmedia/lmedia-core/build/classes/kotlin/jvm/main:/Users/miku/Code/LMusic-KMP/lmedia/lmedia-core/build/processedResources/jvm/main:/Users/miku/Code/LMusic-KMP/lmedia/lmedia-domain/build/libs/lmedia-domain-jvm-1.0.0.jar:/Users/miku/Code/LMusic-KMP/common/build/libs/common-jvm-1.0.0.jar:/Users/miku/.gradle/caches/modules-2/files-2.1/org.jetbrains.compose.ui/ui-desktop/1.11.0/25db30fe824f0e7455ccf7a9455a69ce6f609e6c/ui-desktop-1.11.0.jar:/Users/miku/.gradle/caches/modules-2/files-2.1/org.jetbrains.compose.components/components-resources-desktop/1.11.0/f4eb52d87f31584dacdb816a26376f39a1802e8a/library-desktop-1.11.0.jar:/Users/miku/.gradle/caches/modules-2/files-2.1/org.jetbrains.compose.animation/animation-core-desktop/1.11.0/1bf633ecd1a38a1cf7a41630bc56cba0da9cc25b/animation-core-desktop-1.11.0.jar:/Users/miku/.gradle/caches/modules-2/files-2.1/org.jetbrains.compose.animation/animation-desktop/1.11.0/f873fb28f1a08d45a4dd20a0130b3da8cadf383c/animation-desktop-1.11.0.jar:/Users/miku/.gradle/caches/modules-2/files-2.1/org.jetbrains.compose.foundation/foundation-layout-desktop/1.11.0/853fc5d01388da6515ce40b719798914012f6469/foundation-layout-desktop-1.11.0.jar:/Users/miku/.gradle/caches/modules-2/files-2.1/org.jetbrains.compose.foundation/foundation-desktop/1.11.0/6df316e7af2c0c97f200de289925f62ca8fce53d/foundation-desktop-1.11.0.jar:/Users/miku/.gradle/caches/modules-2/files-2.1/org.jetbrains.compose.ui/ui-util-desktop/1.11.0/4302c582878b82ab24e1f34e6e90f967f7b416ed/ui-util-desktop-1.11.0.jar:/Users/miku/.gradle/caches/modules-2/files-2.1/org.jetbrains.compose.ui/ui-unit-desktop/1.11.0/f6c06f98da206d01dc40c1587c6bc4c40cbef623/ui-unit-desktop-1.11.0.jar:/Users/miku/.gradle/caches/modules-2/files-2.1/org.jetbrains.compose.ui/ui-text-desktop/1.11.0/6ded685e2601260d6231c859a849b96ee6c60368/ui-text-desktop-1.11.0.jar:/Users/miku/.gradle/caches/modules-2/files-2.1/org.jetbrains.compose.ui/ui-graphics-desktop/1.11.0/6ea106d02adf29694eedf12fdfb621947d3621bf/ui-graphics-desktop-1.11.0.jar:/Users/miku/.gradle/caches/modules-2/files-2.1/org.jetbrains.compose.ui/ui-geometry-desktop/1.11.0/5e430152487375359973ac9874653d335dcc220/ui-geometry-desktop-1.11.0.jar:/Users/miku/.gradle/caches/modules-2/files-2.1/org.jetbrains.compose.ui/ui-backhandler-desktop/1.11.0/bd3540bb1d6abd60c5e58f32663b2f3e89406cd1/ui-backhandler-desktop-1.11.0.jar:/Users/miku/.gradle/caches/modules-2/files-2.1/io.github.cy745/koin-annotations-jvm/2.3.1/a027ef3db3bf5dba5ccf2560ac10fb15a5642ee0/koin-annotations-jvm-2.3.1.jar:/Users/miku/.gradle/caches/modules-2/files-2.1/io.github.vinceglb/filekit-core-jvm/0.12.0/24e99db5994bc753301643d0b5e01a9f72057d6a/filekit-core-jvm.jar:/Users/miku/.gradle/caches/modules-2/files-2.1/com.russhwolf/multiplatform-settings-coroutines-jvm/1.3.0/c64a7df35357b1e8fa74b830d006d2ea23fcb395/multiplatform-settings-coroutines-jvm-1.3.0.jar:/Users/miku/.gradle/caches/modules-2/files-2.1/io.ktor/ktor-server-cors-jvm/3.3.0/b25bfd761405e43dbe3372db16f494d366588141/ktor-server-cors-jvm-3.3.0.jar:/Users/miku/.gradle/caches/modules-2/files-2.1/io.ktor/ktor-server-cio-jvm/3.3.0/553750936d51e7ff1faea7550b3d4023ca9f5227/ktor-server-cio-jvm-3.3.0.jar:/Users/miku/.gradle/caches/modules-2/files-2.1/io.ktor/ktor-server-content-negotiation-jvm/3.3.0/b723d9ce385455716c6c403ed3a93aac6838a1fd/ktor-server-content-negotiation-jvm-3.3.0.jar:/Users/miku/.gradle/caches/modules-2/files-2.1/io.ktor/ktor-server-core-jvm/3.3.0/a75887ca2a0b32ddec0351f889517f74fee2143d/ktor-server-core-jvm-3.3.0.jar:/Users/miku/.gradle/caches/modules-2/files-2.1/io.ktor/ktor-client-content-negotiation-jvm/3.3.0/76bb0c8ccadbd9a223a2ac6afca4a1f8f2bb4fee/ktor-client-content-negotiation-jvm-3.3.0.jar:/Users/miku/.gradle/caches/modules-2/files-2.1/io.ktor/ktor-client-serialization-jvm/3.3.0/66a3135ea0bd66668db7459714d72a8da209b309/ktor-client-serialization-jvm-3.3.0.jar:/Users/miku/.gradle/caches/modules-2/files-2.1/io.ktor/ktor-serialization-kotlinx-json-jvm/3.3.0/8d1c7508fef56af92e6f3987e4df926ae322ac5b/ktor-serialization-kotlinx-json-jvm-3.3.0.jar:/Users/miku/.gradle/caches/modules-2/files-2.1/io.ktor/ktor-client-logging-jvm/3.3.0/e7ee2736ec903d879ce788e1fd6ae663456ea529/ktor-client-logging-jvm-3.3.0.jar:/Users/miku/.gradle/caches/modules-2/files-2.1/androidx.paging/paging-common-desktop/3.5.0-alpha01/7d928a1e767640f5263ede7a51e3a1bf6367c691/paging-common-desktop-3.5.0-alpha01.jar:/Users/miku/.gradle/caches/modules-2/files-2.1/io.ktor/ktor-client-okhttp-jvm/3.3.0/6f260365ccf655a4d6e66b768505b78a643ad39/ktor-client-okhttp-jvm-3.3.0.jar:/Users/miku/.gradle/caches/modules-2/files-2.1/org.jetbrains.skiko/skiko-awt/0.144.6/c9bec39e3c517ed5591c71c7db0cbbe64b6be849/skiko-awt-0.144.6.jar:/Users/miku/.gradle/caches/modules-2/files-2.1/org.jetbrains.kotlinx/kotlinx-coroutines-core-jvm/1.11.0/3d57dc678bd8d72a60e7adf0eca5c54e3f4f4b79/kotlinx-coroutines-core-jvm-1.11.0.jar:/Users/miku/.gradle/caches/modules-2/files-2.1/de.jensklingenberg.ktorfit/ktorfit-lib-jvm/2.7.2/744db6ee908e22b07cca5314cecc3acf0908dc2a/ktorfit-lib-jvm.jar:/Users/miku/.gradle/caches/modules-2/files-2.1/io.ktor/ktor-client-cio-jvm/3.3.3/e27d81c2921c680748a69372d27fbe3fd7a476b2/ktor-client-cio-jvm-3.3.3.jar:/Users/miku/.gradle/caches/modules-2/files-2.1/de.jensklingenberg.ktorfit/ktorfit-lib-light-jvm/2.7.2/30d1a48c6e023e807fbd2bf9bfdf573f457f8d33/ktorfit-lib-core-jvm.jar:/Users/miku/.gradle/caches/modules-2/files-2.1/io.ktor/ktor-client-json-jvm/3.3.0/31b1cbcb06df9225c5ccdc76064c5e7f1b5c885b/ktor-client-json-jvm-3.3.0.jar:/Users/miku/.gradle/caches/modules-2/files-2.1/io.ktor/ktor-client-core-jvm/3.3.3/b9e1ea5af5e2e508770e00dc16645a1bcb782b73/ktor-client-core-jvm-3.3.3.jar:/Users/miku/.gradle/caches/modules-2/files-2.1/org.jetbrains.kotlinx/kotlinx-coroutines-slf4j/1.11.0/556153d93573d016dd4e5df37e3d03d07d8d303/kotlinx-coroutines-slf4j-1.11.0.jar:/Users/miku/.gradle/caches/modules-2/files-2.1/androidx.navigationevent/navigationevent-desktop/1.0.1/ddb1e7fe97ed51c3d35bba493f97fcf12398719/navigationevent-desktop-1.0.1.jar:/Users/miku/.gradle/caches/modules-2/files-2.1/androidx.compose.runtime/runtime-annotation-jvm/1.11.1/db4aa964627ac96331b72e231b9ad54318d112f4/runtime-annotation-jvm-1.11.1.jar:/Users/miku/.gradle/caches/modules-2/files-2.1/androidx.compose.runtime/runtime-saveable-desktop/1.11.1/1618fae89791692a224fe7aa79edbd7a8f5b7522/runtime-saveable-desktop-1.11.1.jar:/Users/miku/.gradle/caches/modules-2/files-2.1/org.jetbrains.compose.runtime/runtime-saveable-desktop/1.11.0/b7c8a8ed985a0f15b4d8d206de1fc6125b499388/runtime-saveable-desktop-1.11.0.jar:/Users/miku/.gradle/caches/modules-2/files-2.1/org.jetbrains.androidx.lifecycle/lifecycle-runtime-compose-desktop/2.9.6/7b6b6793f3c4c5996b20d1d99cf728e5fac00364/lifecycle-runtime-compose-desktop-2.9.6.jar:/Users/miku/.gradle/caches/modules-2/files-2.1/org.jetbrains.androidx.savedstate/savedstate-compose-desktop/1.3.6/63692375ffe667f12cb3ea8aa1e605d659ed2add/savedstate-compose-desktop-1.3.6.jar:/Users/miku/.gradle/caches/modules-2/files-2.1/org.jetbrains.compose.runtime/runtime-desktop/1.11.0/1941336b045aac4b87cc3be81d9fdb9977c88c61/runtime-desktop-1.11.0.jar:/Users/miku/.gradle/caches/modules-2/files-2.1/androidx.lifecycle/lifecycle-runtime-desktop/2.9.4/1cc820319ec0139e76b8a2fe4be0b356b4e624c4/lifecycle-runtime-desktop-2.9.4.jar:/Users/miku/.gradle/caches/modules-2/files-2.1/androidx.lifecycle/lifecycle-common-jvm/2.9.4/ab739bccdb3541983385af169565c7c035d897e7/lifecycle-common-jvm-2.9.4.jar:/Users/miku/.gradle/caches/modules-2/files-2.1/androidx.lifecycle/lifecycle-runtime-compose-desktop/2.9.4/86a4ffec845d4e488078118a0b5095bd1fabcafe/lifecycle-runtime-compose-desktop-2.9.4.jar:/Users/miku/.gradle/caches/modules-2/files-2.1/androidx.lifecycle/lifecycle-viewmodel-desktop/2.9.4/93fee6d78f0df0e38f36e0fa2eff74f8da6d5481/lifecycle-viewmodel-desktop-2.9.4.jar:/Users/miku/.gradle/caches/modules-2/files-2.1/androidx.lifecycle/lifecycle-viewmodel-savedstate-desktop/2.9.4/72a1919b08c5a4da224d8a65ce1589aa69934e8a/lifecycle-viewmodel-savedstate-desktop-2.9.4.jar:/Users/miku/.gradle/caches/modules-2/files-2.1/androidx.savedstate/savedstate-desktop/1.4.0/3b049a0f81643d6b4b900de95bc23efc085c32d5/savedstate-desktop-1.4.0.jar:/Users/miku/.gradle/caches/modules-2/files-2.1/androidx.savedstate/savedstate-compose-desktop/1.4.0/d3d6e0e2108528eb6080dc250da925a572be4202/savedstate-compose-desktop-1.4.0.jar:/Users/miku/.gradle/caches/modules-2/files-2.1/androidx.compose.runtime/runtime-desktop/1.11.1/d778cba765eaed705d37ddd06542a01369fcbb16/runtime-desktop-1.11.1.jar:/Users/miku/.gradle/caches/modules-2/files-2.1/androidx.compose.runtime/runtime-retain-desktop/1.11.1/3aa3ec26ef2a3d26bc556b51b33d09efc1a198e8/runtime-retain-desktop-1.11.1.jar:/Users/miku/.gradle/caches/modules-2/files-2.1/io.ktor/ktor-serialization-kotlinx-jvm/3.3.0/f62c2f4f39c3fcddd790dccd3ae11005709e0cee/ktor-serialization-kotlinx-jvm-3.3.0.jar:/Users/miku/.gradle/caches/modules-2/files-2.1/io.ktor/ktor-http-cio-jvm/3.3.3/47f6b887bbf2953b3686f0603d2bf0b4f505bb43/ktor-http-cio-jvm-3.3.3.jar:/Users/miku/.gradle/caches/modules-2/files-2.1/io.ktor/ktor-websocket-serialization-jvm/3.3.3/ab8d57decefe6cb729a2e4aaeb7070c8a0a5c9d/ktor-websocket-serialization-jvm-3.3.3.jar:/Users/miku/.gradle/caches/modules-2/files-2.1/io.ktor/ktor-serialization-jvm/3.3.3/b5c64a93c054cc8e327c8e00da60b338ea61902a/ktor-serialization-jvm-3.3.3.jar:/Users/miku/.gradle/caches/modules-2/files-2.1/io.ktor/ktor-websockets-jvm/3.3.3/9510950826949ce950392bc361ba374f4920ce63/ktor-websockets-jvm-3.3.3.jar:/Users/miku/.gradle/caches/modules-2/files-2.1/io.ktor/ktor-network-tls-jvm/3.3.3/964040fa6cdbad0991a120cded94d8f34511a8cb/ktor-network-tls-jvm-3.3.3.jar:/Users/miku/.gradle/caches/modules-2/files-2.1/io.ktor/ktor-http-jvm/3.3.3/1795370b2729ccb0946991fac7a62d63c807a2bc/ktor-http-jvm-3.3.3.jar:/Users/miku/.gradle/caches/modules-2/files-2.1/io.ktor/ktor-events-jvm/3.3.3/df921073be18eea47e4939111542f9dea834da34/ktor-events-jvm-3.3.3.jar:/Users/miku/.gradle/caches/modules-2/files-2.1/io.ktor/ktor-sse-jvm/3.3.3/1e66b054fea2b7fc2fae0c8a81f77676ed11d385/ktor-sse-jvm-3.3.3.jar:/Users/miku/.gradle/caches/modules-2/files-2.1/io.ktor/ktor-network-jvm/3.3.3/21131db4ef3bc11f8ba34268f2aeb89b3c4c4cf8/ktor-network-jvm-3.3.3.jar:/Users/miku/.gradle/caches/modules-2/files-2.1/io.ktor/ktor-utils-jvm/3.3.3/dac131d19d4f718f2bf38888c12a248ed7a2e3d4/ktor-utils-jvm-3.3.3.jar:/Users/miku/.gradle/caches/modules-2/files-2.1/io.ktor/ktor-io-jvm/3.3.3/150e01f97c191baf8077e5dcfa42748e812e4bc8/ktor-io-jvm-3.3.3.jar:/Users/miku/.gradle/caches/modules-2/files-2.1/org.jetbrains.kotlinx/kotlinx-serialization-json-jvm/1.11.0/e7e045e99e56f07599bb9ccb708c2190e2af0606/kotlinx-serialization-json-jvm-1.11.0.jar:/Users/miku/.gradle/caches/modules-2/files-2.1/com.russhwolf/multiplatform-settings-serialization-jvm/1.3.0/7e3d5864aae3e7c3006a2896c72eb0fa69931e72/multiplatform-settings-serialization-jvm-1.3.0.jar:/Users/miku/.gradle/caches/modules-2/files-2.1/org.jetbrains.kotlinx/kotlinx-serialization-core-jvm/1.11.0/c1905c9bf7452b045d5af9248835abe64ddad6bf/kotlinx-serialization-core-jvm-1.11.0.jar:/Users/miku/.gradle/caches/modules-2/files-2.1/org.jetbrains.kotlinx/kotlinx-serialization-json-io-jvm/1.11.0/645ed54ca9128fc217b30b3686a083141ebe635c/kotlinx-serialization-json-io-jvm-1.11.0.jar:/Users/miku/.gradle/caches/modules-2/files-2.1/com.russhwolf/multiplatform-settings-make-observable-jvm/1.3.0/1159ce9213316381b411502f5b6b4d8684651a47/multiplatform-settings-make-observable-jvm-1.3.0.jar:/Users/miku/.gradle/caches/modules-2/files-2.1/com.russhwolf/multiplatform-settings-no-arg-jvm/1.3.0/b9d2280a0d56597619afb286d7c5f697f2e83f03/multiplatform-settings-no-arg-jvm-1.3.0.jar:/Users/miku/.gradle/caches/modules-2/files-2.1/org.jetbrains.kotlin/kotlin-test-junit/2.3.21/f87baf7e8c276421a71f3b13d9b8a4622766025a/kotlin-test-junit-2.3.21.jar:/Users/miku/.gradle/caches/modules-2/files-2.1/org.jetbrains.kotlin/kotlin-test/2.3.21/8579caa50cab9f55a3a91658c2e4db914675352f/kotlin-test-2.3.21.jar:/Users/miku/.gradle/caches/modules-2/files-2.1/io.insert-koin/koin-core-jvm/4.1.1/c3347d7e3dbce55435cb9141956ec641b283cbbb/koin-core-jvm-4.1.1.jar:/Users/miku/.gradle/caches/modules-2/files-2.1/org.jetbrains.kotlinx/kotlinx-io-core-jvm/0.8.0/358a9f2ba2dc81c5dc84c3d1853f6e5efba63be1/kotlinx-io-core-jvm-0.8.0.jar:/Users/miku/.gradle/caches/modules-2/files-2.1/com.russhwolf/multiplatform-settings-jvm/1.3.0/76fe39b1cbb2b2b951ec230ab85e610ae179aab7/multiplatform-settings-jvm-1.3.0.jar:/Users/miku/.gradle/caches/modules-2/files-2.1/org.kotlincrypto.hash/md-jvm/0.7.1/125ea2ae97f0989dadec0edad421b38bd3da70f5/md-jvm-0.7.1.jar:/Users/miku/.gradle/caches/modules-2/files-2.1/co.touchlab/kermit-jvm/2.0.8/83ee3b1da12d91011c3e93558f97bc28665810de/kermit-jvm-2.0.8.jar:/Users/miku/.gradle/caches/modules-2/files-2.1/io.github.oshai/kotlin-logging-jvm/7.0.3/e8c8855aef27a267c9ea75ae73f96e8ad3456dd5/kotlin-logging-jvm-7.0.3.jar:/Users/miku/.gradle/caches/modules-2/files-2.1/nl.jacobras/Human-Readable-jvm/1.12.0/dc9bd45dcd8b74b7a37a29e4083e430a4ed1107/Human-Readable-jvm-1.12.0.jar:/Users/miku/.gradle/caches/modules-2/files-2.1/io.github.cy745.KRouter/core-jvm/0.0.8/c17deaf3afbf4f36075fd3f197a811f1e206f1bc/core-jvm-0.0.8.jar:/Users/miku/.gradle/caches/modules-2/files-2.1/org.jetbrains.kotlinx/kotlinx-datetime-jvm/0.7.1/81c2e0246bd28cc2dcbdf0ab53628322e66a9de9/kotlinx-datetime-jvm-0.7.1.jar:/Users/miku/.gradle/caches/modules-2/files-2.1/io.github.petertrr/kotlin-multiplatform-diff-jvm/1.3.0/37b0dea94251ff9a54c90bef6ae68c65db2429c6/kotlin-multiplatform-diff-jvm-1.3.0.jar:/Users/miku/.gradle/caches/modules-2/files-2.1/androidx.room3/room3-common-jvm/3.0.0-alpha02/7dcd233f251fa770e7834734dff5bc5c7a1b22e2/room3-common-jvm-3.0.0-alpha02.jar:/Users/miku/.gradle/caches/modules-2/files-2.1/org.jetbrains.kotlin/kotlin-reflect/2.2.10/98d0ca9819d98cb3aa5c0a25793830b6659feee2/kotlin-reflect-2.2.10.jar:/Users/miku/.gradle/caches/modules-2/files-2.1/androidx.arch.core/core-common/2.2.0/5e1b8b81dfd5f52c56a8d53b18ca759c19a301f3/core-common-2.2.0.jar:/Users/miku/.gradle/caches/modules-2/files-2.1/androidx.collection/collection-jvm/1.5.0/7ba2c69414d46ebc2dd76598bdd0a75c54281a57/collection-jvm-1.5.0.jar:/Users/miku/.gradle/caches/modules-2/files-2.1/androidx.annotation/annotation-jvm/1.9.1/b17951747e38bf3986a24431b9ba0d039958aa5f/annotation-jvm-1.9.1.jar:/Users/miku/.gradle/caches/modules-2/files-2.1/org.jetbrains.kotlinx/atomicfu-jvm/0.28.0/6a9ac536f4b2144e57c176fd4e26821eb12084f4/atomicfu-jvm-0.28.0.jar:/Users/miku/.gradle/caches/modules-2/files-2.1/co.touchlab/stately-concurrent-collections-jvm/2.1.0/5c03b644537d7926a8f77e5735a8bebb55dafdcd/stately-concurrent-collections-jvm-2.1.0.jar:/Users/miku/.gradle/caches/modules-2/files-2.1/co.touchlab/stately-concurrency-jvm/2.1.0/6285428408c4d7e4a6d9a09511de877103effd81/stately-concurrency-jvm-2.1.0.jar:/Users/miku/.gradle/caches/modules-2/files-2.1/io.insert-koin/koin-core-annotations-jvm/4.1.0/7afb8340221dd9ec432b494c11896457d7765426/koin-core-annotations-jvm-4.1.0.jar:/Users/miku/.gradle/caches/modules-2/files-2.1/org.jetbrains.kotlinx/kotlinx-io-bytestring-jvm/0.8.0/89c5399596250e71f2bba6d2415972a078a525c7/kotlinx-io-bytestring-jvm-0.8.0.jar:/Users/miku/.gradle/caches/modules-2/files-2.1/org.kotlincrypto.core/digest-jvm/0.7.1/52bb5dcc80e0d17c2884f9d8f759c617a2725479/digest-jvm-0.7.1.jar:/Users/miku/.gradle/caches/modules-2/files-2.1/org.kotlincrypto.bitops/bits-jvm/0.2.1/627e929a0d72003be90c725e2a5a5d271eaf9700/bits-jvm-0.2.1.jar:/Users/miku/.gradle/caches/modules-2/files-2.1/org.kotlincrypto.bitops/endian-jvm/0.2.1/7d57ced5e949a61b1b8dedc4981f215aacf0b4d6/endian-jvm-0.2.1.jar:/Users/miku/.gradle/caches/modules-2/files-2.1/co.touchlab/kermit-core-jvm/2.0.8/7d782124fef2b0c4dccf07208e1cf3aa13b57058/kermit-core-jvm-2.0.8.jar:/Users/miku/.gradle/caches/modules-2/files-2.1/io.github.skeptick.libres/libres-jvm/1.2.4/fa0667a9f70da69654993ca62cb39931ba31e2e7/libres-core-jvm.jar:/Users/miku/.gradle/caches/modules-2/files-2.1/com.squareup.okhttp3/okhttp-jvm/5.1.0/c17340f19b33c1d28a47b8dc4ae15018aff6dc10/okhttp-jvm-5.1.0.jar:/Users/miku/.gradle/caches/modules-2/files-2.1/com.squareup.okio/okio-jvm/3.16.0/60375cdf2fd0ed2a1dcd6db787095f732a31ff10/okio-jvm-3.16.0.jar:/Users/miku/.gradle/caches/modules-2/files-2.1/co.touchlab/stately-strict-jvm/2.1.0/3ae8369209065455f4630793bf6aca0fb88c8b6b/stately-strict-jvm-2.1.0.jar:/Users/miku/.gradle/caches/modules-2/files-2.1/de.jensklingenberg.ktorfit/ktorfit-annotations-jvm/2.7.2/835011cadc26a6de7e28e02c7d9e800ed395306a/ktorfit-annotations-jvm.jar:/Users/miku/.gradle/caches/modules-2/files-2.1/org.kotlincrypto.core/core-jvm/0.7.1/78fc9bae89b282656aad8432811bbeafba4b12c7/core-jvm-0.7.1.jar:/Users/miku/.gradle/caches/modules-2/files-2.1/org.kotlincrypto/error-jvm/0.3.1/9ba77653334d939e765a23152e5e53461fc16050/error-jvm-0.3.1.jar:/Users/miku/.gradle/caches/modules-2/files-2.1/org.jetbrains.kotlin/kotlin-stdlib/2.3.21/a2ee2c4e220fee522f0451b723bab2a43f3481a7/kotlin-stdlib-2.3.21.jar:/Users/miku/.gradle/caches/modules-2/files-2.1/org.scijava/native-lib-loader/2.5.0/28a8bb74fa4fffe59a892e058214171881e10e47/native-lib-loader-2.5.0.jar:/Users/miku/.gradle/caches/modules-2/files-2.1/ch.qos.logback/logback-classic/1.5.18/fc371f3fc97a639de2d67947cffb7518ec5e3d40/logback-classic-1.5.18.jar:/Users/miku/.gradle/caches/modules-2/files-2.1/org.jetbrains/annotations/23.0.0/8cc20c07506ec18e0834947b84a864bfc094484e/annotations-23.0.0.jar:/Users/miku/.gradle/caches/modules-2/files-2.1/org.slf4j/slf4j-api/2.0.17/d9e58ac9c7779ba3bf8142aff6c830617a7fe60f/slf4j-api-2.0.17.jar:/Users/miku/.gradle/caches/modules-2/files-2.1/ch.qos.logback/logback-core/1.5.18/6c0375624f6f36b4e089e2488ba21334a11ef13f/logback-core-1.5.18.jar:/Users/miku/.gradle/caches/modules-2/files-2.1/com.typesafe/config/1.4.4/f19816be89ef80f9106535828ba32fd4cd8e6b77/config-1.4.4.jar:/Users/miku/.gradle/caches/modules-2/files-2.1/org.fusesource.jansi/jansi/2.4.2/ba7387c31622c6650b83edba1bbb115f1fe462ba/jansi-2.4.2.jar:/Users/miku/.gradle/caches/modules-2/files-2.1/junit/junit/4.13.2/8ac9e16d933b6fb43bc7f576336b8f4d7eb5ba12/junit-4.13.2.jar:/Users/miku/.gradle/caches/modules-2/files-2.1/org.hamcrest/hamcrest-core/1.3/42a25dc3219429f0e5d060061f71acb49bf010a0/hamcrest-core-1.3.jar:/Users/miku/.gradle/caches/modules-2/files-2.1/org.jetbrains.runtime/jbr-api/1.9.0/2bc161f5472b5fd5610740e4d6ebe896c811cb0e/jbr-api-1.9.0.jar:/Users/miku/.gradle/caches/modules-2/files-2.1/com.ibm.icu/icu4j/77.1/38693cf0b1d7362a8b726af74dc06026a7c23809/icu4j-77.1.jar:/Users/miku/.gradle/caches/modules-2/files-2.1/org.jspecify/jspecify/1.0.0/7425a601c1c7ec76645a78d22b8c6a627edee507/jspecify-1.0.0.jar
Launcher Type: SUN_STANDARD

[Global flags]
     bool AOTAdapterCaching                        = false                                  {diagnostic} {ergonomic}
     bool AOTInvokeDynamicLinking                  = false                                  {diagnostic} {ergonomic}
     bool AOTRecordTraining                        = false                                  {diagnostic} {ergonomic}
     bool AOTReplayTraining                        = false                                  {diagnostic} {ergonomic}
     bool AOTStubCaching                           = false                                  {diagnostic} {ergonomic}
     intx CICompilerCount                          = 4                                         {product} {ergonomic}
     uint ConcGCThreads                            = 2                                         {product} {ergonomic}
     uint G1ConcRefinementThreads                  = 9                                         {product} {ergonomic}
     uint G1EagerReclaimRemSetThreshold            = 10                                   {experimental} {ergonomic}
   size_t G1HeapRegionSize                         = 1048576                                   {product} {ergonomic}
     uint G1RemSetArrayOfCardsEntries              = 10                                   {experimental} {ergonomic}
     uint G1RemSetHowlMaxNumBuckets                = 8                                    {experimental} {ergonomic}
     uint G1RemSetHowlNumBuckets                   = 4                                    {experimental} {ergonomic}
   size_t InitialHeapSize                          = 8388608                                   {product} {ergonomic}
   size_t MarkStackSize                            = 4194304                                   {product} {ergonomic}
   size_t MarkStackSizeMax                         = 536870912                                 {product} {ergonomic}
   size_t MaxHeapSize                              = 536870912                                 {product} {command line}
   size_t MaxNewSize                               = 321912832                                 {product} {ergonomic}
 uint64_t MaxRAM                                   = 17179869184                               {product} {ergonomic}
   size_t MinHeapDeltaBytes                        = 1048576                                   {product} {ergonomic}
   size_t MinHeapSize                              = 8388608                                   {product} {ergonomic}
   size_t NonNMethodCodeHeapSize                   = 5849088                                {pd product} {ergonomic}
   size_t NonProfiledCodeHeapSize                  = 122912768                              {pd product} {ergonomic}
   size_t ProfiledCodeHeapSize                     = 122912768                              {pd product} {ergonomic}
   size_t ReservedCodeCacheSize                    = 251674624                              {pd product} {ergonomic}
     bool SegmentedCodeCache                       = true                                      {product} {ergonomic}
   size_t SoftMaxHeapSize                          = 536870912                              {manageable} {ergonomic}
     bool UseCompressedOops                        = true                           {product lp64_product} {ergonomic}
     bool UseCondCardMark                          = true                                      {product} {ergonomic}
     bool UseG1GC                                  = true                                      {product} {ergonomic}
     bool UseNUMA                                  = false                                     {product} {ergonomic}
     bool UseNUMAInterleaving                      = false                                     {product} {ergonomic}

Logging:
Log output configuration:
 #0: stdout all=warning uptime,level,tags foldmultilines=false
 #1: stderr all=off uptime,level,tags foldmultilines=false

Release file:
IMPLEMENTOR="Oracle Corporation"
JAVA_RUNTIME_VERSION="26.0.2.1+1-7"
JAVA_VERSION="26.0.2.1"
JAVA_VERSION_DATE="2026-08-18"
LIBC="default"
MODULES="java.base java.compiler java.datatransfer java.xml java.prefs java.desktop java.instrument java.logging java.management java.security.sasl java.naming java.rmi java.management.rmi java.net.http java.scripting java.security.jgss java.transaction.xa java.sql java.sql.rowset java.xml.crypto java.se java.smartcardio jdk.accessibility jdk.internal.jvmstat jdk.attach jdk.charsets jdk.internal.opt jdk.zipfs jdk.compiler jdk.crypto.cryptoki jdk.crypto.ec jdk.dynalink jdk.internal.ed jdk.editpad jdk.internal.vm.ci jdk.graal.compiler jdk.graal.compiler.management jdk.hotspot.agent jdk.httpserver jdk.incubator.vector jdk.internal.le jdk.internal.md jdk.jartool jdk.javadoc jdk.jcmd jdk.management jdk.management.agent jdk.jconsole jdk.jdeps jdk.jdwp.agent jdk.jdi jdk.jfr jdk.jlink jdk.jpackage jdk.jshell jdk.jstatd jdk.localedata jdk.management.jfr jdk.naming.dns jdk.naming.rmi jdk.net jdk.nio.mapmode jdk.sctp jdk.security.auth jdk.security.jgss jdk.unsupported jdk.unsupported.desktop jdk.xml.dom"
OS_ARCH="aarch64"
OS_NAME="Darwin"
SOURCE=".:git:d55edf1cba61"

Environment Variables:
PATH=/opt/homebrew/bin:/Users/miku/.local/bin:/usr/bin:/bin:/usr/sbin:/sbin
SHELL=/bin/zsh
TMPDIR=/var/folders/1r/__0s65l907q49qkg3rzkr0780000gn/T/

Active Locale:
LC_ALL=C
LC_COLLATE=C
LC_CTYPE=C
LC_MESSAGES=C
LC_MONETARY=C
LC_NUMERIC=C
LC_TIME=C

Signal Handlers:
   SIGSEGV: crash_handler in libjvm.dylib, mask=11100110000111110111111111111111, flags=SA_ONSTACK|SA_RESTART|SA_SIGINFO, unblocked
    SIGBUS: crash_handler in libjvm.dylib, mask=11100110000111110111111111111111, flags=SA_RESTART|SA_SIGINFO, unblocked
    SIGFPE: crash_handler in libjvm.dylib, mask=11100110000111110111111111111111, flags=SA_RESTART|SA_SIGINFO, unblocked
   SIGPIPE: javaSignalHandler in libjvm.dylib, mask=11100110000111110111111111111111, flags=SA_RESTART|SA_SIGINFO, blocked
   SIGXFSZ: javaSignalHandler in libjvm.dylib, mask=11100110000111110111111111111111, flags=SA_RESTART|SA_SIGINFO, blocked
    SIGILL: crash_handler in libjvm.dylib, mask=11100110000111110111111111111111, flags=SA_RESTART|SA_SIGINFO, unblocked
   SIGUSR2: SR_handler in libjvm.dylib, mask=00000000000000000000000000000000, flags=SA_RESTART|SA_SIGINFO, blocked
    SIGHUP: SIG_IGN, mask=00000000000000000000000000000000, flags=SA_RESTART, blocked
    SIGINT: SIG_IGN, mask=00000000000000000000000000000000, flags=none, blocked
   SIGTERM: UserHandler in libjvm.dylib, mask=11100110000111110111111111111111, flags=SA_RESTART|SA_SIGINFO, blocked
   SIGQUIT: UserHandler in libjvm.dylib, mask=11100110000111110111111111111111, flags=SA_RESTART|SA_SIGINFO, blocked
   SIGTRAP: crash_handler in libjvm.dylib, mask=11100110000111110111111111111111, flags=SA_RESTART|SA_SIGINFO, unblocked


Compilation memory statistics disabled.

Periodic native trim disabled

---------------  S Y S T E M  ---------------

OS:
uname: Darwin 25.6.0 Darwin Kernel Version 25.6.0: Fri Jul 31 19:11:03 PDT 2026; root:xnu-12377.161.14~5/RELEASE_ARM64_T8132 arm64
OS uptime: 9 days 15:41 hours
rlimit (soft/hard): STACK 8176k/65520k , CORE 0k/infinity , NPROC 2666/4000 , NOFILE 1048576/infinity , AS infinity/infinity , CPU infinity/infinity , DATA infinity/infinity , FSIZE infinity/infinity , MEMLOCK infinity/infinity , RSS infinity/infinity
load average: 1.35 1.18 1.15

CPU: total 10 (initial active 10) 0x61:0x0:0x6f5129ac:0, fp, asimd, aes, pmull, sha1, sha256, crc32, lse, sha3, sha512, sb
machdep.cpu.brand_string:Apple M4
hw.cachelinesize:128
hw.l1icachesize:131072
hw.l1dcachesize:65536
hw.l2cachesize:4194304

Memory: 16k page, physical 16777216k(6521984k free), swap 2097152k(1353536k free)

vm_info: OpenJDK 64-Bit Server VM (26.0.2.1+1-7) for bsd-aarch64 JRE (26.0.2.1+1-7), built on 2026-07-24T06:55:58Z with clang Apple LLVM 15.0.0 (clang-1500.3.9.4)

END.
